"[00, 0]","[354.3, 365.1, 1390.4, 424.8]"
"[01, 300]","[121.0, 92.3, 128.1, 1076.3]"
"[01, 400]","[9.7, 350.8, 17.0, 12.1]"
"[01, 500]","[122.0, 149.3, 1206.3, 167.8]"
"[01, 600]","[1129.8, 135.4, 126.2, 125.7]"
"[02, 1000]","[91.3, 86.9, 102.2, 1052.1]"
"[02, 1100]","[67.4, 65.7, 922.4, 70.0]"
"[02, 1200]","[20.7, 592.1, 24.7, 22.2]"
"[02, 600]","[38.3, 28.6, 41.3, 698.8]"
"[02, 700]","[148.1, 5.4, 6.1, 5.2]"
"[02, 800]","[79.8, 70.5, 936.4, 67.2]"
"[02, 900]","[78.4, 57.2, 913.0, 62.9]"
"[03, 1000]","[1.7, 0.0, 0.5, 47.7]"
"[03, 1100]","[541.7, 25.7, 32.9, 25.3]"
"[03, 1200]","[29.1, 33.1, 680.4, 38.8]"
"[03, 1300]","[55.3, 55.1, 63.4, 867.6]"
"[03, 1400]","[65.3, 825.1, 71.9, 58.3]"
"[03, 1500]","[36.6, 626.9, 43.3, 36.8]"
"[03, 1600]","[56.4, 52.7, 66.9, 886.6]"
"[03, 1700]","[22.0, 453.9, 24.3, 23.7]"
"[03, 1800]","[6.0, 3.9, 191.0, 6.0]"
"[03, 900]","[10.1, 14.2, 332.1, 14.0]"
"[04, 1220]","[120.9, 3.4, 3.9, 3.8]"
"[04, 1240]","[0.5, 8.4, 0.0, 0.5]"
"[04, 1320]","[0.0, 0.5, 1.0, 12.7]"
"[04, 1340]","[0.0, 0.0, 0.0, 1.9]"
"[04, 1420]","[6.1, 213.4, 10.0, 4.8]"
"[04, 1440]","[13.2, 12.0, 257.6, 9.9]"
"[04, 1520]","[375.8, 20.8, 14.1, 15.9]"
"[04, 1540]","[1.0, 0.0, 1.0, 26.2]"
"[04, 1620]","[22.4, 32.9, 566.5, 25.6]"
"[04, 1640]","[0.0, 0.9, 51.1, 0.6]"
"[04, 1720]","[543.4, 22.4, 16.4, 23.3]"
"[04, 1740]","[22.2, 22.9, 550.9, 26.1]"
"[04, 1820]","[18.2, 23.4, 25.7, 571.7]"
"[04, 1840]","[12.5, 15.3, 16.4, 348.4]"
"[04, 1920]","[62.6, 796.9, 52.5, 55.5]"
"[04, 1940]","[0.5, 0.0, 49.3, 0.5]"
"[04, 2020]","[22.1, 26.6, 30.8, 554.2]"
"[04, 2040]","[6.6, 213.3, 8.6, 4.6]"
"[04, 2120]","[22.7, 497.0, 23.3, 22.4]"
"[04, 2140]","[0.0, 3.7, 0.5, 0.0]"
"[04, 2220]","[24.4, 27.5, 28.3, 581.9]"
"[04, 2320]","[9.2, 8.8, 230.3, 5.5]"
"[04, 2420]","[1.0, 1.0, 1.5, 52.9]"
"[05, 1540]","[17.5, 0.5, 0.0, 0.5]"
"[05, 1560]","[3.2, 0.5, 43.2, 2.4]"
"[05, 1580]","[0.0, 0.9, 0.0, 3.3]"
"[05, 1640]","[0.4, 0.9, 4.3, 0.0]"
"[05, 1660]","[1.0, 0.5, 0.0, 0.0]"
"[05, 1740]","[1.6, 60.0, 1.0, 1.1]"
"[05, 1760]","[6.1, 6.1, 6.6, 174.8]"
"[05, 1780]","[7.3, 0.0, 0.0, 0.5]"
"[05, 1840]","[2.8, 98.3, 2.5, 2.6]"
"[05, 1860]","[149.7, 5.1, 4.5, 10.0]"
"[05, 1880]","[0.0, 0.0, 0.5, 0.0]"
"[05, 1940]","[251.9, 7.8, 12.4, 8.4]"
"[05, 1960]","[4.8, 7.9, 3.5, 135.0]"
"[05, 1980]","[1.2, 0.0, 0.0, 0.0]"
"[05, 2040]","[7.8, 10.1, 7.1, 261.2]"
"[05, 2060]","[436.1, 17.2, 22.3, 18.8]"
"[05, 2080]","[0.6, 0.5, 0.0, 16.8]"
"[05, 2140]","[21.7, 26.1, 24.3, 483.9]"
"[05, 2160]","[7.0, 175.7, 4.9, 10.0]"
"[05, 2180]","[0.5, 11.4, 1.1, 0.9]"
"[05, 2240]","[20.0, 473.2, 15.3, 25.6]"
"[05, 2260]","[40.6, 587.9, 43.2, 36.7]"
"[05, 2340]","[25.0, 21.2, 457.0, 17.9]"
"[05, 2360]","[10.4, 11.2, 11.1, 309.4]"
"[05, 2380]","[4.9, 97.1, 3.0, 1.9]"
"[05, 2440]","[29.7, 492.5, 13.3, 22.5]"
"[05, 2460]","[16.5, 362.6, 14.9, 12.7]"
"[05, 2480]","[2.4, 0.0, 0.0, 0.0]"
"[05, 2540]","[36.3, 582.1, 30.6, 28.3]"
"[05, 2560]","[2.4, 83.0, 2.1, 2.4]"
"[05, 2640]","[14.4, 11.9, 9.1, 398.5]"
"[05, 2660]","[3.0, 75.8, 4.5, 2.6]"
"[05, 2740]","[10.7, 292.1, 14.7, 10.7]"
"[05, 2760]","[2.9, 0.0, 0.0, 0.0]"
"[05, 2840]","[10.0, 11.7, 14.5, 345.2]"
"[05, 2940]","[3.3, 70.7, 2.3, 1.1]"
"[05, 3040]","[0.5, 0.0, 0.0, 20.2]"
"[06, 1860]","[3.3, 0.0, 0.0, 0.0]"
"[06, 1880]","[0.0, 0.5, 20.6, 0.0]"
"[06, 1900]","[0.0, 0.0, 0.0, 3.2]"
"[06, 1920]","[0.0, 0.5, 0.0, 0.0]"
"[06, 1960]","[0.5, 0.0, 0.0, 0.9]"
"[06, 1980]","[0.9, 0.0, 0.0, 0.0]"
"[06, 2000]","[0.0, 0.0, 0.5, 0.0]"
"[06, 2060]","[0.0, 10.8, 0.5, 0.5]"
"[06, 2080]","[2.8, 108.8, 2.9, 2.9]"
"[06, 2100]","[9.2, 0.0, 0.0, 0.0]"
"[06, 2120]","[0.0, 2.5, 0.5, 0.0]"
"[06, 2160]","[0.5, 0.9, 1.4, 13.5]"
"[06, 2180]","[1.9, 1.9, 75.0, 1.0]"
"[06, 2200]","[53.0, 1.0, 1.0, 2.0]"
"[06, 2260]","[48.0, 0.5, 0.0, 1.1]"
"[06, 2280]","[5.8, 6.8, 3.8, 161.8]"
"[06, 2300]","[0.0, 7.5, 0.0, 0.0]"
"[06, 2360]","[2.5, 3.9, 138.7, 5.0]"
"[06, 2380]","[4.8, 166.6, 5.5, 4.8]"
"[06, 2400]","[199.3, 6.0, 6.2, 5.0]"
"[06, 2460]","[8.9, 9.6, 9.3, 300.8]"
"[06, 2480]","[104.4, 4.1, 1.4, 3.0]"
"[06, 2500]","[0.9, 73.1, 3.4, 1.9]"
"[06, 2520]","[0.0, 0.0, 7.2, 0.0]"
"[06, 2560]","[7.6, 169.0, 6.2, 5.9]"
"[06, 2580]","[12.2, 23.6, 417.4, 16.6]"
"[06, 2600]","[12.3, 308.2, 10.4, 13.8]"
"[06, 2660]","[12.3, 15.1, 16.8, 340.3]"
"[06, 2680]","[10.8, 273.1, 6.3, 11.5]"
"[06, 2700]","[0.0, 0.5, 0.6, 33.4]"
"[06, 2720]","[45.3, 1.6, 1.7, 1.0]"
"[06, 2760]","[348.8, 19.9, 14.6, 14.3]"
"[06, 2780]","[14.4, 413.5, 14.2, 16.8]"
"[06, 2800]","[190.0, 5.6, 6.6, 6.8]"
"[06, 2820]","[1.0, 0.0, 0.0, 0.6]"
"[06, 2860]","[14.7, 374.0, 20.3, 22.2]"
"[06, 2880]","[462.9, 21.0, 25.3, 21.3]"
"[06, 2900]","[1.0, 3.2, 55.0, 2.1]"
"[06, 2960]","[13.3, 16.0, 10.5, 359.4]"
"[06, 2980]","[8.6, 6.3, 10.2, 202.6]"
"[06, 3000]","[0.9, 73.9, 1.0, 2.0]"
"[06, 3060]","[299.3, 12.4, 12.7, 9.1]"
"[06, 3080]","[9.9, 250.3, 7.2, 6.1]"
"[06, 3100]","[0.5, 0.0, 0.0, 0.0]"
"[06, 3160]","[11.6, 14.3, 353.0, 12.8]"
"[06, 3180]","[0.9, 46.5, 1.8, 0.0]"
"[06, 3260]","[6.2, 220.4, 4.9, 11.5]"
"[06, 3280]","[1.9, 45.2, 0.5, 0.5]"
"[06, 3360]","[3.0, 4.4, 165.3, 3.0]"
"[06, 3380]","[0.0, 0.0, 0.0, 1.4]"
"[06, 3460]","[165.2, 6.4, 5.3, 5.4]"
"[06, 3560]","[1.0, 1.4, 22.7, 0.5]"
"[06, 3660]","[0.5, 0.5, 8.4, 0.0]"
"[07, 2140]","[0.0, 0.0, 0.5, 0.0]"
"[07, 2160]","[6.5, 0.9, 0.5, 0.0]"
"[07, 2180]","[0.0, 0.0, 0.0, 0.9]"
"[07, 2240]","[0.5, 0.0, 0.0, 0.0]"
"[07, 2280]","[0.0, 0.9, 0.0, 0.0]"
"[07, 2340]","[0.0, 0.9, 0.0, 0.0]"
"[07, 2360]","[0.5, 0.0, 0.9, 18.4]"
"[07, 2380]","[0.0, 0.0, 0.0, 1.8]"
"[07, 2440]","[0.0, 6.6, 0.5, 0.0]"
"[07, 2460]","[0.5, 0.9, 24.8, 1.0]"
"[07, 2480]","[0.5, 0.0, 0.0, 11.6]"
"[07, 2500]","[1.4, 0.9, 1.9, 50.4]"
"[07, 2520]","[0.0, 6.1, 0.0, 0.0]"
"[07, 2540]","[0.0, 0.0, 8.0, 0.5]"
"[07, 2560]","[3.8, 1.9, 86.0, 4.3]"
"[07, 2580]","[0.0, 0.0, 0.0, 3.2]"
"[07, 2600]","[0.0, 3.3, 0.0, 0.0]"
"[07, 2620]","[0.5, 0.5, 22.8, 0.5]"
"[07, 2640]","[1.4, 51.4, 1.4, 1.4]"
"[07, 2660]","[1.9, 56.1, 3.8, 0.9]"
"[07, 2680]","[2.0, 62.7, 1.4, 1.9]"
"[07, 2700]","[40.2, 0.0, 1.9, 0.5]"
"[07, 2720]","[0.0, 6.2, 0.0, 0.0]"
"[07, 2740]","[3.1, 132.4, 4.3, 2.7]"
"[07, 2760]","[1.0, 1.5, 0.0, 44.9]"
"[07, 2780]","[0.0, 2.0, 19.4, 0.0]"
"[07, 2800]","[3.9, 1.5, 3.5, 93.3]"
"[07, 2820]","[92.4, 3.1, 1.4, 2.4]"
"[07, 2840]","[77.6, 2.4, 0.5, 2.5]"
"[07, 2860]","[6.8, 193.5, 9.2, 5.5]"
"[07, 2880]","[3.8, 2.0, 2.1, 130.0]"
"[07, 2900]","[3.0, 4.4, 112.0, 1.5]"
"[07, 2920]","[1.9, 0.5, 32.8, 1.6]"
"[07, 2940]","[8.5, 210.7, 4.1, 7.7]"
"[07, 2960]","[1.5, 2.5, 58.3, 3.5]"
"[07, 2980]","[3.5, 137.6, 3.4, 5.0]"
"[07, 3000]","[81.2, 2.3, 1.0, 2.7]"
"[07, 3020]","[5.6, 4.0, 5.9, 192.5]"
"[07, 3040]","[1.1, 96.2, 5.1, 1.6]"
"[07, 3060]","[240.5, 11.2, 8.5, 7.8]"
"[07, 3080]","[7.6, 7.9, 10.0, 242.9]"
"[07, 3100]","[164.2, 4.6, 4.2, 5.0]"
"[07, 3120]","[2.0, 0.5, 17.4, 1.0]"
"[07, 3140]","[4.0, 1.8, 2.3, 157.1]"
"[07, 3160]","[4.7, 1.7, 145.2, 6.8]"
"[07, 3180]","[9.4, 6.4, 4.9, 216.4]"
"[07, 3200]","[13.5, 12.0, 10.0, 342.1]"
"[07, 3220]","[4.8, 6.0, 4.9, 160.8]"
"[07, 3240]","[268.6, 7.8, 7.5, 11.7]"
"[07, 3260]","[4.5, 6.6, 6.9, 169.9]"
"[07, 3280]","[13.5, 15.6, 15.5, 337.9]"
"[07, 3300]","[299.9, 10.1, 14.1, 10.4]"
"[07, 3320]","[1.1, 0.0, 10.7, 0.5]"
"[07, 3340]","[157.4, 6.0, 4.9, 2.2]"
"[07, 3360]","[9.2, 219.9, 7.9, 8.0]"
"[07, 3380]","[3.3, 5.2, 140.1, 4.7]"
"[07, 3400]","[4.1, 167.5, 5.8, 5.6]"
"[07, 3420]","[1.5, 75.3, 1.0, 2.5]"
"[07, 3440]","[236.5, 9.0, 8.2, 7.4]"
"[07, 3460]","[51.8, 2.5, 1.9, 1.0]"
"[07, 3480]","[9.9, 9.0, 248.1, 12.9]"
"[07, 3500]","[3.6, 8.3, 8.8, 245.5]"
"[07, 3520]","[0.0, 0.0, 0.9, 19.1]"
"[07, 3540]","[134.6, 4.7, 4.1, 5.2]"
"[07, 3560]","[3.0, 0.6, 1.4, 62.1]"
"[07, 3580]","[2.5, 2.0, 7.7, 193.8]"
"[07, 3600]","[114.1, 3.6, 2.4, 2.9]"
"[07, 3620]","[1.0, 1.4, 22.4, 0.0]"
"[07, 3640]","[202.2, 4.1, 9.4, 7.5]"
"[07, 3660]","[1.4, 0.0, 7.4, 0.0]"
"[07, 3680]","[4.7, 6.0, 5.3, 182.1]"
"[07, 3700]","[5.9, 2.9, 3.1, 99.1]"
"[07, 3740]","[1.5, 73.2, 2.5, 1.0]"
"[07, 3760]","[0.5, 0.0, 7.9, 0.0]"
"[07, 3780]","[3.4, 117.9, 3.2, 5.7]"
"[07, 3800]","[1.4, 0.0, 9.8, 0.0]"
"[07, 3840]","[2.0, 2.1, 1.0, 70.2]"
"[07, 3880]","[121.4, 6.1, 4.9, 5.8]"
"[07, 3900]","[0.5, 0.0, 12.4, 0.5]"
"[07, 3940]","[0.5, 2.0, 3.3, 51.3]"
"[07, 3980]","[1.4, 1.4, 1.4, 56.8]"
"[07, 4000]","[0.9, 0.0, 0.0, 0.0]"
"[07, 4040]","[0.0, 8.0, 0.5, 0.0]"
"[07, 4080]","[0.5, 44.0, 2.8, 2.8]"
"[07, 4140]","[1.9, 0.0, 0.0, 0.0]"
"[07, 4180]","[0.5, 0.5, 0.0, 6.0]"
"[07, 4280]","[0.5, 0.5, 0.0, 2.3]"
"[08, 2440]","[0.0, 0.0, 0.9, 0.0]"
"[08, 2460]","[0.5, 0.0, 0.0, 0.0]"
"[08, 2580]","[0.0, 1.8, 0.0, 0.0]"
"[08, 2620]","[0.0, 0.0, 0.5, 0.0]"
"[08, 2640]","[0.0, 10.1, 0.9, 0.0]"
"[08, 2660]","[0.0, 1.4, 0.0, 0.0]"
"[08, 2700]","[0.0, 0.0, 0.5, 0.0]"
"[08, 2720]","[0.0, 0.5, 0.0, 0.0]"
"[08, 2740]","[0.5, 0.5, 0.0, 7.5]"
"[08, 2760]","[0.9, 0.0, 5.1, 0.0]"
"[08, 2780]","[0.9, 23.7, 0.0, 0.9]"
"[08, 2800]","[0.0, 0.0, 0.5, 0.0]"
"[08, 2820]","[0.5, 0.0, 0.0, 2.8]"
"[08, 2840]","[1.4, 0.5, 0.0, 37.2]"
"[08, 2860]","[0.0, 0.0, 0.0, 5.1]"
"[08, 2900]","[0.5, 0.5, 0.0, 8.4]"
"[08, 2920]","[1.4, 0.0, 6.5, 0.0]"
"[08, 2940]","[17.4, 0.5, 0.5, 0.9]"
"[08, 2960]","[11.3, 0.5, 0.0, 0.0]"
"[08, 2980]","[18.9, 1.0, 2.5, 0.0]"
"[08, 3000]","[2.4, 0.0, 0.0, 0.0]"
"[08, 3020]","[0.5, 19.5, 0.0, 0.0]"
"[08, 3040]","[1.9, 0.5, 2.9, 47.6]"
"[08, 3060]","[33.5, 1.6, 0.9, 2.4]"
"[08, 3080]","[62.8, 1.4, 3.3, 1.9]"
"[08, 3100]","[2.4, 46.1, 1.9, 1.9]"
"[08, 3120]","[2.9, 1.0, 1.0, 49.7]"
"[08, 3140]","[46.6, 1.5, 0.9, 1.0]"
"[08, 3160]","[6.2, 112.1, 3.4, 0.5]"
"[08, 3180]","[86.3, 2.6, 3.5, 2.2]"
"[08, 3200]","[0.6, 0.5, 0.5, 12.1]"
"[08, 3220]","[1.9, 1.5, 45.9, 2.9]"
"[08, 3240]","[4.3, 2.4, 1.9, 64.8]"
"[08, 3260]","[61.7, 1.6, 3.6, 1.6]"
"[08, 3280]","[3.0, 4.4, 4.6, 122.1]"
"[08, 3300]","[4.4, 2.5, 4.1, 110.2]"
"[08, 3320]","[0.5, 0.5, 44.4, 0.5]"
"[08, 3340]","[1.5, 76.4, 2.7, 1.5]"
"[08, 3360]","[8.9, 10.5, 225.7, 9.8]"
"[08, 3380]","[77.1, 0.5, 2.5, 2.7]"
"[08, 3400]","[1.4, 84.4, 0.9, 2.0]"
"[08, 3420]","[4.8, 4.5, 5.4, 155.2]"
"[08, 3440]","[95.1, 0.5, 4.4, 3.6]"
"[08, 3460]","[6.8, 6.8, 179.8, 6.9]"
"[08, 3480]","[11.5, 8.1, 295.0, 8.0]"
"[08, 3500]","[5.6, 9.0, 146.2, 6.3]"
"[08, 3520]","[4.1, 3.1, 148.7, 4.8]"
"[08, 3540]","[6.8, 147.9, 2.5, 4.5]"
"[08, 3560]","[8.9, 264.9, 5.8, 8.7]"
"[08, 3580]","[3.4, 103.3, 3.8, 2.5]"
"[08, 3600]","[1.6, 1.0, 1.1, 66.7]"
"[08, 3620]","[77.2, 2.6, 1.5, 1.0]"
"[08, 3640]","[4.9, 7.0, 166.3, 3.7]"
"[08, 3660]","[6.6, 7.9, 7.5, 225.5]"
"[08, 3680]","[6.4, 9.1, 159.8, 5.1]"
"[08, 3700]","[164.1, 4.4, 5.1, 4.7]"
"[08, 3720]","[248.5, 9.2, 10.4, 5.7]"
"[08, 3740]","[1.5, 44.7, 0.5, 2.1]"
"[08, 3760]","[8.1, 15.6, 6.6, 270.4]"
"[08, 3780]","[15.6, 9.1, 285.6, 10.0]"
"[08, 3800]","[5.7, 2.4, 4.8, 109.8]"
"[08, 3820]","[7.8, 6.9, 4.7, 251.5]"
"[08, 3840]","[5.0, 7.4, 146.2, 4.9]"
"[08, 3860]","[11.9, 11.3, 13.6, 265.3]"
"[08, 3880]","[2.5, 5.2, 139.0, 4.2]"
"[08, 3900]","[172.9, 7.0, 5.6, 5.4]"
"[08, 3920]","[7.1, 186.0, 2.7, 4.2]"
"[08, 3940]","[0.5, 0.0, 0.0, 19.8]"
"[08, 3960]","[237.4, 6.3, 7.0, 11.0]"
"[08, 3980]","[6.7, 2.7, 2.4, 149.4]"
"[08, 4000]","[46.6, 1.6, 2.4, 1.7]"
"[08, 4020]","[5.0, 139.4, 4.7, 2.2]"
"[08, 4040]","[1.4, 1.4, 30.7, 0.9]"
"[08, 4060]","[8.7, 5.5, 5.2, 178.6]"
"[08, 4080]","[3.0, 0.5, 42.8, 1.5]"
"[08, 4100]","[91.5, 1.1, 2.6, 2.5]"
"[08, 4120]","[9.6, 176.7, 7.8, 6.4]"
"[08, 4140]","[12.6, 0.5, 0.0, 0.0]"
"[08, 4160]","[3.0, 2.6, 4.8, 126.5]"
"[08, 4180]","[50.0, 2.0, 1.4, 1.4]"
"[08, 4200]","[6.4, 117.9, 5.5, 5.5]"
"[08, 4220]","[60.7, 3.0, 1.6, 1.5]"
"[08, 4240]","[0.0, 7.4, 0.0, 0.5]"
"[08, 4260]","[100.3, 3.6, 4.5, 3.0]"
"[08, 4280]","[6.2, 0.0, 0.0, 0.0]"
"[08, 4300]","[113.1, 3.4, 3.9, 3.9]"
"[08, 4320]","[59.5, 1.4, 0.5, 1.9]"
"[08, 4360]","[2.0, 2.5, 61.7, 1.5]"
"[08, 4380]","[0.0, 8.8, 0.0, 0.0]"
"[08, 4400]","[1.5, 1.0, 1.5, 33.3]"
"[08, 4420]","[0.5, 14.5, 0.0, 0.0]"
"[08, 4460]","[0.5, 41.0, 1.0, 1.5]"
"[08, 4500]","[0.0, 50.6, 1.5, 2.4]"
"[08, 4520]","[6.1, 0.0, 0.0, 0.0]"
"[08, 4560]","[0.9, 36.6, 0.5, 0.0]"
"[08, 4600]","[1.9, 24.9, 0.5, 0.9]"
"[08, 4620]","[0.5, 0.0, 0.0, 0.0]"
"[08, 4660]","[0.0, 0.0, 0.0, 3.7]"
"[08, 4700]","[0.5, 0.0, 13.5, 0.0]"
"[08, 4760]","[0.0, 0.9, 0.0, 0.0]"
"[08, 4800]","[0.0, 0.0, 1.9, 0.0]"
"[08, 4900]","[0.0, 0.0, 1.9, 0.0]"
"[09, 2940]","[0.0, 1.4, 0.0, 0.0]"
"[09, 2960]","[0.0, 0.0, 0.5, 0.0]"
"[09, 2980]","[0.0, 0.0, 1.4, 0.0]"
"[09, 3000]","[0.0, 0.0, 0.5, 0.0]"
"[09, 3020]","[0.0, 0.0, 0.0, 0.9]"
"[09, 3040]","[6.5, 0.0, 0.5, 0.0]"
"[09, 3060]","[0.0, 0.0, 0.5, 1.9]"
"[09, 3080]","[0.0, 2.3, 0.0, 0.0]"
"[09, 3120]","[0.0, 0.0, 0.0, 1.4]"
"[09, 3140]","[0.5, 0.5, 0.9, 17.5]"
"[09, 3160]","[0.0, 0.5, 0.0, 1.4]"
"[09, 3180]","[0.5, 0.9, 0.0, 11.5]"
"[09, 3200]","[2.8, 0.0, 0.5, 0.0]"
"[09, 3220]","[0.0, 2.3, 0.0, 0.0]"
"[09, 3240]","[6.5, 0.5, 0.0, 1.0]"
"[09, 3260]","[0.5, 2.8, 0.0, 0.0]"
"[09, 3280]","[0.0, 0.5, 0.0, 5.6]"
"[09, 3300]","[0.0, 0.0, 0.5, 0.0]"
"[09, 3320]","[0.0, 0.0, 0.0, 1.9]"
"[09, 3340]","[38.5, 1.4, 2.4, 0.5]"
"[09, 3360]","[0.0, 0.5, 13.5, 0.5]"
"[09, 3380]","[0.5, 0.9, 20.0, 0.0]"
"[09, 3400]","[9.3, 0.5, 0.5, 0.0]"
"[09, 3420]","[1.4, 0.5, 24.6, 0.0]"
"[09, 3440]","[20.9, 0.0, 0.9, 1.0]"
"[09, 3460]","[1.4, 1.0, 0.5, 29.8]"
"[09, 3480]","[1.4, 1.9, 32.8, 0.0]"
"[09, 3500]","[0.0, 1.9, 33.5, 0.5]"
"[09, 3520]","[0.5, 0.9, 0.5, 23.0]"
"[09, 3540]","[3.3, 1.9, 56.4, 2.4]"
"[09, 3560]","[72.6, 0.5, 3.3, 1.0]"
"[09, 3580]","[1.0, 3.4, 109.2, 4.4]"
"[09, 3600]","[0.5, 2.9, 55.8, 0.5]"
"[09, 3620]","[1.5, 0.5, 0.5, 30.2]"
"[09, 3640]","[0.5, 48.3, 0.9, 1.0]"
"[09, 3660]","[127.0, 3.0, 5.1, 1.4]"
"[09, 3680]","[1.0, 2.0, 0.5, 51.8]"
"[09, 3700]","[0.5, 1.4, 0.0, 23.5]"
"[09, 3720]","[1.9, 1.6, 1.5, 104.0]"
"[09, 3740]","[64.2, 2.9, 0.5, 2.5]"
"[09, 3760]","[3.9, 5.5, 108.4, 2.6]"
"[09, 3780]","[6.0, 4.1, 5.8, 168.5]"
"[09, 3800]","[4.0, 99.4, 2.5, 5.8]"
"[09, 3820]","[77.1, 2.0, 1.5, 3.1]"
"[09, 3840]","[4.4, 96.1, 4.0, 1.9]"
"[09, 3860]","[3.5, 5.3, 2.6, 132.4]"
"[09, 3880]","[2.6, 5.2, 96.4, 2.7]"
"[09, 3900]","[1.6, 96.7, 2.0, 2.5]"
"[09, 3920]","[0.6, 60.5, 2.5, 3.1]"
"[09, 3940]","[3.6, 6.4, 4.0, 160.4]"
"[09, 3960]","[9.2, 10.0, 306.7, 12.5]"
"[09, 3980]","[7.8, 221.0, 8.4, 6.6]"
"[09, 4000]","[95.8, 4.2, 3.4, 2.5]"
"[09, 4020]","[6.1, 5.5, 6.4, 171.3]"
"[09, 4040]","[64.9, 3.1, 1.5, 0.0]"
"[09, 4060]","[221.2, 8.8, 7.2, 5.8]"
"[09, 4080]","[7.0, 216.1, 5.0, 10.7]"
"[09, 4100]","[5.1, 163.6, 3.1, 3.6]"
"[09, 4120]","[6.0, 237.9, 8.8, 8.5]"
"[09, 4140]","[3.4, 7.0, 5.8, 153.5]"
"[09, 4160]","[6.6, 5.4, 250.4, 12.2]"
"[09, 4180]","[2.0, 2.5, 132.5, 6.9]"
"[09, 4200]","[100.6, 3.5, 2.0, 4.8]"
"[09, 4220]","[3.3, 3.7, 133.7, 2.2]"
"[09, 4240]","[2.0, 4.3, 2.5, 71.1]"
"[09, 4260]","[184.2, 6.2, 5.8, 6.1]"
"[09, 4280]","[11.4, 5.3, 7.6, 210.8]"
"[09, 4300]","[7.0, 1.5, 141.7, 4.0]"
"[09, 4320]","[5.2, 6.8, 205.0, 4.8]"
"[09, 4340]","[86.2, 2.4, 1.0, 2.4]"
"[09, 4360]","[8.7, 6.6, 17.9, 285.1]"
"[09, 4380]","[160.0, 6.2, 6.7, 5.0]"
"[09, 4400]","[4.7, 114.5, 3.9, 3.1]"
"[09, 4420]","[7.7, 211.1, 6.2, 6.8]"
"[09, 4440]","[0.5, 0.5, 52.6, 0.5]"
"[09, 4460]","[10.4, 6.3, 220.4, 8.2]"
"[09, 4480]","[4.1, 76.8, 2.7, 2.7]"
"[09, 4500]","[1.0, 4.6, 3.6, 107.0]"
"[09, 4520]","[5.6, 5.2, 161.4, 5.9]"
"[09, 4540]","[1.0, 0.5, 1.4, 20.9]"
"[09, 4560]","[4.5, 114.6, 4.1, 1.5]"
"[09, 4580]","[96.9, 0.9, 3.4, 2.2]"
"[09, 4600]","[95.3, 4.1, 4.1, 3.6]"
"[09, 4620]","[3.0, 1.5, 2.1, 104.5]"
"[09, 4640]","[0.0, 0.5, 16.3, 0.0]"
"[09, 4660]","[6.0, 145.8, 2.2, 8.9]"
"[09, 4680]","[0.0, 0.5, 32.9, 0.0]"
"[09, 4700]","[2.4, 96.1, 3.5, 4.5]"
"[09, 4720]","[91.9, 2.0, 3.1, 1.4]"
"[09, 4740]","[0.0, 0.0, 4.2, 0.0]"
"[09, 4760]","[91.0, 2.1, 1.5, 1.4]"
"[09, 4780]","[20.3, 0.0, 0.0, 0.0]"
"[09, 4800]","[2.4, 0.5, 2.0, 78.2]"
"[09, 4820]","[38.6, 0.0, 1.9, 1.5]"
"[09, 4840]","[2.8, 0.0, 0.0, 0.0]"
"[09, 4860]","[1.0, 1.0, 1.0, 68.0]"
"[09, 4880]","[0.0, 0.0, 0.0, 1.4]"
"[09, 4900]","[57.3, 1.5, 1.4, 3.4]"
"[09, 4920]","[0.5, 13.6, 0.5, 0.5]"
"[09, 4960]","[43.9, 1.5, 1.0, 1.4]"
"[09, 4980]","[0.0, 0.0, 1.9, 0.0]"
"[09, 5000]","[38.5, 0.5, 0.5, 1.0]"
"[09, 5020]","[7.9, 0.0, 0.0, 0.0]"
"[09, 5060]","[0.5, 19.3, 0.5, 0.5]"
"[09, 5100]","[0.9, 20.0, 0.0, 1.9]"
"[09, 5120]","[0.0, 1.9, 0.0, 0.0]"
"[09, 5160]","[0.9, 0.0, 0.5, 10.7]"
"[09, 5200]","[1.4, 0.0, 0.9, 11.6]"
"[09, 5260]","[0.0, 1.4, 0.0, 0.0]"
"[09, 5300]","[0.0, 6.0, 0.0, 0.0]"
"[09, 5400]","[0.9, 0.0, 0.0, 0.0]"
"[09, 5500]","[0.0, 0.0, 0.0, 0.9]"
"[10, 3260]","[0.5, 0.0, 0.0, 0.0]"
"[10, 3280]","[0.0, 0.0, 0.5, 0.0]"
"[10, 3340]","[0.9, 0.0, 0.0, 0.0]"
"[10, 3360]","[0.0, 0.5, 0.0, 0.0]"
"[10, 3420]","[0.9, 0.0, 0.0, 0.0]"
"[10, 3440]","[12.8, 0.5, 0.5, 0.0]"
"[10, 3460]","[0.0, 0.0, 1.4, 0.0]"
"[10, 3480]","[0.0, 6.5, 0.9, 0.4]"
"[10, 3500]","[0.0, 0.9, 0.0, 0.0]"
"[10, 3520]","[0.0, 0.0, 0.0, 0.4]"
"[10, 3540]","[0.5, 0.0, 0.0, 3.2]"
"[10, 3560]","[0.0, 0.0, 0.0, 1.4]"
"[10, 3580]","[0.0, 0.0, 3.7, 0.5]"
"[10, 3600]","[0.0, 0.0, 1.4, 0.0]"
"[10, 3620]","[0.0, 1.8, 0.0, 0.0]"
"[10, 3640]","[0.0, 1.9, 12.0, 0.5]"
"[10, 3660]","[0.0, 0.5, 6.0, 0.5]"
"[10, 3680]","[11.1, 0.5, 0.0, 0.0]"
"[10, 3700]","[0.0, 1.4, 0.0, 0.0]"
"[10, 3720]","[6.5, 0.0, 0.0, 0.5]"
"[10, 3740]","[1.9, 1.9, 22.7, 0.5]"
"[10, 3760]","[11.9, 0.0, 0.0, 0.0]"
"[10, 3780]","[1.0, 14.4, 1.0, 0.9]"
"[10, 3800]","[0.9, 0.5, 0.5, 13.9]"
"[10, 3820]","[0.0, 10.6, 0.9, 0.9]"
"[10, 3840]","[0.9, 0.9, 42.1, 0.9]"
"[10, 3860]","[14.9, 0.0, 0.5, 1.4]"
"[10, 3880]","[1.9, 1.4, 46.7, 0.0]"
"[10, 3900]","[0.0, 1.5, 21.0, 2.0]"
"[10, 3920]","[0.9, 0.0, 28.4, 0.5]"
"[10, 3940]","[20.4, 1.4, 0.0, 0.5]"
"[10, 3960]","[1.9, 46.6, 1.5, 2.0]"
"[10, 3980]","[1.4, 1.4, 0.0, 34.9]"
"[10, 4000]","[0.0, 0.9, 0.0, 22.7]"
"[10, 4020]","[0.5, 1.4, 2.0, 51.6]"
"[10, 4040]","[52.2, 0.9, 1.4, 1.0]"
"[10, 4060]","[1.9, 117.3, 1.9, 3.4]"
"[10, 4080]","[3.8, 2.9, 118.8, 2.5]"
"[10, 4100]","[0.5, 0.5, 3.4, 42.3]"
"[10, 4120]","[26.4, 0.5, 0.9, 0.5]"
"[10, 4140]","[58.0, 4.4, 0.5, 1.0]"
"[10, 4160]","[1.5, 3.4, 101.5, 1.5]"
"[10, 4180]","[3.1, 1.5, 75.5, 4.0]"
"[10, 4200]","[0.5, 2.9, 80.1, 1.1]"
"[10, 4220]","[70.9, 2.2, 3.4, 2.0]"
"[10, 4240]","[3.6, 2.6, 3.6, 126.7]"
"[10, 4260]","[4.3, 5.5, 172.9, 5.6]"
"[10, 4280]","[2.6, 90.3, 2.9, 1.0]"
"[10, 4300]","[3.0, 3.1, 1.5, 87.7]"
"[10, 4320]","[3.0, 7.1, 4.1, 155.5]"
"[10, 4340]","[49.6, 1.6, 0.0, 0.5]"
"[10, 4360]","[3.0, 3.0, 91.1, 5.0]"
"[10, 4380]","[6.0, 198.5, 6.7, 7.8]"
"[10, 4400]","[99.1, 2.1, 4.5, 5.1]"
"[10, 4420]","[2.9, 1.5, 2.7, 59.8]"
"[10, 4440]","[5.2, 2.9, 3.1, 147.9]"
"[10, 4460]","[295.7, 9.9, 8.0, 12.5]"
"[10, 4480]","[7.5, 6.7, 204.3, 6.7]"
"[10, 4500]","[4.7, 126.8, 4.5, 4.8]"
"[10, 4520]","[3.9, 3.6, 7.5, 190.4]"
"[10, 4540]","[4.1, 3.4, 3.7, 117.6]"
"[10, 4560]","[8.5, 7.1, 178.6, 9.4]"
"[10, 4580]","[5.6, 188.7, 3.6, 6.4]"
"[10, 4600]","[5.8, 5.7, 4.1, 137.6]"
"[10, 4620]","[6.7, 6.7, 5.0, 174.5]"
"[10, 4640]","[55.2, 0.5, 1.5, 1.5]"
"[10, 4660]","[9.9, 283.6, 8.4, 9.5]"
"[10, 4680]","[3.1, 136.8, 3.1, 3.4]"
"[10, 4700]","[2.0, 102.8, 1.5, 1.6]"
"[10, 4720]","[157.1, 4.8, 5.8, 2.7]"
"[10, 4740]","[6.1, 3.1, 117.4, 3.6]"
"[10, 4760]","[6.2, 7.1, 7.0, 193.5]"
"[10, 4780]","[6.5, 2.6, 4.4, 141.9]"
"[10, 4800]","[3.1, 157.8, 5.4, 3.3]"
"[10, 4820]","[8.5, 239.7, 7.4, 6.7]"
"[10, 4840]","[1.5, 60.2, 0.5, 0.9]"
"[10, 4860]","[124.7, 3.0, 2.2, 5.6]"
"[10, 4880]","[167.3, 7.1, 7.4, 5.3]"
"[10, 4900]","[1.0, 86.3, 1.6, 3.5]"
"[10, 4920]","[4.6, 3.2, 150.7, 3.2]"
"[10, 4940]","[1.4, 3.3, 51.8, 0.5]"
"[10, 4960]","[241.6, 9.6, 10.8, 11.9]"
"[10, 4980]","[106.0, 2.0, 2.8, 4.9]"
"[10, 5000]","[3.4, 96.5, 4.0, 3.0]"
"[10, 5020]","[4.1, 2.6, 1.5, 142.5]"
"[10, 5040]","[0.9, 1.0, 20.6, 2.0]"
"[10, 5060]","[7.2, 5.6, 4.8, 149.2]"
"[10, 5080]","[2.9, 0.5, 45.9, 2.4]"
"[10, 5100]","[2.6, 6.8, 2.9, 137.0]"
"[10, 5120]","[3.5, 2.6, 3.2, 102.2]"
"[10, 5140]","[0.0, 1.4, 0.5, 15.3]"
"[10, 5160]","[2.5, 3.1, 4.0, 114.1]"
"[10, 5180]","[0.0, 38.7, 1.5, 1.4]"
"[10, 5200]","[1.0, 1.0, 52.9, 1.9]"
"[10, 5220]","[1.4, 70.7, 1.5, 3.0]"
"[10, 5240]","[0.0, 6.5, 0.5, 0.5]"
"[10, 5260]","[3.4, 75.7, 2.3, 1.6]"
"[10, 5280]","[0.5, 0.0, 0.5, 17.9]"
"[10, 5300]","[0.5, 1.9, 3.0, 65.2]"
"[10, 5320]","[0.0, 0.9, 45.4, 1.4]"
"[10, 5340]","[0.0, 1.4, 0.0, 0.0]"
"[10, 5360]","[1.9, 3.4, 1.4, 51.6]"
"[10, 5380]","[0.0, 0.0, 0.0, 6.4]"
"[10, 5400]","[1.9, 1.9, 60.3, 0.9]"
"[10, 5420]","[15.3, 1.4, 0.9, 0.9]"
"[10, 5440]","[0.9, 0.0, 0.0, 0.0]"
"[10, 5460]","[0.9, 0.5, 55.2, 0.0]"
"[10, 5500]","[38.9, 1.4, 1.9, 1.0]"
"[10, 5520]","[0.0, 7.9, 0.0, 0.0]"
"[10, 5560]","[0.5, 13.9, 0.5, 0.0]"
"[10, 5580]","[0.9, 0.0, 0.0, 0.0]"
"[10, 5600]","[11.0, 0.9, 0.5, 0.5]"
"[10, 5620]","[1.4, 0.0, 0.0, 0.0]"
"[10, 5660]","[0.0, 8.8, 0.0, 0.0]"
"[10, 5700]","[0.0, 0.0, 11.6, 0.0]"
"[10, 5760]","[0.4, 0.0, 4.1, 0.0]"
"[10, 5800]","[7.8, 0.0, 0.5, 0.5]"
"[10, 5860]","[0.0, 0.0, 0.5, 0.0]"
"[10, 5900]","[0.0, 1.9, 0.0, 0.0]"
"[10, 6000]","[0.0, 0.0, 0.5, 0.0]"
"[11, 3720]","[0.0, 0.0, 0.0, 1.8]"
"[11, 3740]","[0.9, 0.0, 0.0, 0.0]"
"[11, 3760]","[1.4, 0.0, 0.5, 0.5]"
"[11, 3780]","[0.0, 0.0, 0.0, 1.4]"
"[11, 3820]","[0.0, 0.0, 1.8, 0.0]"
"[11, 3840]","[0.9, 0.0, 0.0, 0.0]"
"[11, 3860]","[0.0, 0.5, 0.0, 6.0]"
"[11, 3880]","[0.0, 0.0, 0.5, 0.0]"
"[11, 3900]","[0.0, 0.0, 3.7, 0.0]"
"[11, 3920]","[0.0, 0.5, 5.5, 0.0]"
"[11, 3940]","[0.0, 0.0, 1.8, 0.0]"
"[11, 3960]","[0.0, 0.5, 5.5, 0.0]"
"[11, 3980]","[0.0, 0.5, 0.0, 0.0]"
"[11, 4000]","[0.0, 0.5, 2.8, 0.0]"
"[11, 4020]","[0.4, 0.5, 9.2, 0.0]"
"[11, 4040]","[2.3, 0.0, 0.0, 0.0]"
"[11, 4060]","[0.0, 0.9, 0.0, 4.7]"
"[11, 4080]","[0.0, 5.1, 0.5, 0.5]"
"[11, 4100]","[0.0, 0.5, 0.0, 8.7]"
"[11, 4120]","[0.0, 0.0, 0.5, 14.2]"
"[11, 4140]","[0.5, 0.5, 4.6, 0.0]"
"[11, 4160]","[0.5, 0.0, 0.5, 21.0]"
"[11, 4180]","[0.0, 13.3, 0.5, 0.9]"
"[11, 4200]","[0.0, 0.0, 20.2, 0.5]"
"[11, 4220]","[6.9, 0.0, 0.0, 0.0]"
"[11, 4240]","[0.0, 10.8, 0.4, 0.5]"
"[11, 4260]","[0.0, 0.0, 26.2, 1.4]"
"[11, 4280]","[0.5, 0.5, 0.0, 15.9]"
"[11, 4300]","[1.4, 0.0, 25.4, 0.9]"
"[11, 4320]","[16.3, 0.5, 0.5, 0.0]"
"[11, 4340]","[0.0, 17.6, 0.9, 0.0]"
"[11, 4360]","[63.8, 1.9, 1.0, 0.9]"
"[11, 4380]","[1.4, 1.4, 51.1, 1.0]"
"[11, 4400]","[1.0, 0.5, 0.9, 24.6]"
"[11, 4420]","[1.4, 1.4, 0.5, 29.7]"
"[11, 4440]","[0.9, 1.5, 1.5, 51.3]"
"[11, 4460]","[1.4, 65.1, 1.0, 1.0]"
"[11, 4480]","[5.8, 96.0, 1.5, 0.5]"
"[11, 4500]","[1.0, 1.0, 1.0, 27.2]"
"[11, 4520]","[62.5, 0.5, 0.0, 2.3]"
"[11, 4540]","[1.5, 99.5, 5.1, 3.0]"
"[11, 4560]","[59.4, 3.4, 1.4, 1.9]"
"[11, 4580]","[2.9, 57.3, 2.5, 1.4]"
"[11, 4600]","[4.0, 4.9, 2.6, 127.0]"
"[11, 4620]","[1.0, 0.5, 30.3, 1.4]"
"[11, 4640]","[98.3, 6.8, 2.0, 1.4]"
"[11, 4660]","[3.6, 1.9, 78.4, 3.4]"
"[11, 4680]","[2.5, 3.0, 1.0, 64.6]"
"[11, 4700]","[3.1, 4.1, 3.5, 89.8]"
"[11, 4720]","[101.6, 3.0, 3.8, 4.0]"
"[11, 4740]","[4.1, 2.5, 95.5, 1.6]"
"[11, 4760]","[3.6, 4.0, 4.4, 138.0]"
"[11, 4780]","[101.1, 1.9, 2.5, 3.8]"
"[11, 4800]","[5.9, 6.5, 174.1, 3.9]"
"[11, 4820]","[4.3, 141.9, 2.0, 5.9]"
"[11, 4840]","[4.6, 2.1, 4.6, 144.8]"
"[11, 4860]","[0.0, 0.9, 69.8, 3.9]"
"[11, 4880]","[6.6, 10.2, 223.0, 5.6]"
"[11, 4900]","[6.6, 165.2, 7.5, 6.2]"
"[11, 4920]","[2.0, 97.0, 2.5, 1.5]"
"[11, 4940]","[1.1, 1.6, 1.1, 84.2]"
"[11, 4960]","[3.3, 4.2, 119.6, 2.9]"
"[11, 4980]","[6.1, 4.7, 142.5, 6.1]"
"[11, 5000]","[186.8, 7.4, 4.5, 7.7]"
"[11, 5020]","[128.0, 3.0, 2.4, 4.5]"
"[11, 5040]","[4.7, 194.6, 8.6, 6.1]"
"[11, 5060]","[6.6, 159.9, 6.5, 3.0]"
"[11, 5080]","[4.1, 7.8, 236.1, 4.5]"
"[11, 5100]","[194.0, 8.7, 7.9, 6.3]"
"[11, 5120]","[2.6, 115.0, 6.0, 4.9]"
"[11, 5140]","[4.7, 156.4, 5.5, 5.9]"
"[11, 5160]","[3.5, 0.5, 4.3, 101.5]"
"[11, 5180]","[4.2, 2.1, 120.7, 3.1]"
"[11, 5200]","[156.4, 3.7, 5.2, 3.7]"
"[11, 5220]","[2.7, 4.0, 112.6, 3.0]"
"[11, 5240]","[8.2, 7.3, 9.2, 249.0]"
"[11, 5260]","[4.5, 4.1, 107.8, 2.7]"
"[11, 5280]","[2.4, 1.0, 126.2, 5.3]"
"[11, 5300]","[3.0, 10.0, 171.3, 3.4]"
"[11, 5320]","[114.6, 2.5, 4.3, 2.1]"
"[11, 5340]","[184.1, 4.8, 8.0, 6.3]"
"[11, 5360]","[2.9, 3.5, 1.9, 88.5]"
"[11, 5380]","[8.2, 7.7, 207.9, 6.2]"
"[11, 5400]","[7.6, 8.5, 181.4, 5.7]"
"[11, 5420]","[71.0, 3.6, 1.5, 2.5]"
"[11, 5440]","[3.6, 128.1, 6.0, 4.0]"
"[11, 5460]","[3.4, 2.3, 62.3, 1.5]"
"[11, 5480]","[2.9, 121.5, 3.2, 3.0]"
"[11, 5500]","[2.6, 3.0, 3.4, 88.4]"
"[11, 5520]","[1.4, 0.5, 40.0, 2.1]"
"[11, 5540]","[3.9, 1.5, 2.6, 111.2]"
"[11, 5560]","[36.4, 2.5, 2.0, 1.9]"
"[11, 5580]","[88.8, 2.5, 2.5, 2.9]"
"[11, 5600]","[4.4, 2.0, 104.4, 2.9]"
"[11, 5620]","[0.0, 1.4, 0.9, 33.6]"
"[11, 5640]","[3.0, 6.5, 2.0, 127.0]"
"[11, 5660]","[0.0, 20.3, 0.0, 0.5]"
"[11, 5680]","[3.0, 125.1, 6.2, 5.9]"
"[11, 5700]","[52.9, 1.5, 0.0, 1.4]"
"[11, 5720]","[0.5, 1.4, 28.2, 0.0]"
"[11, 5740]","[0.5, 85.3, 1.5, 1.4]"
"[11, 5760]","[0.5, 12.5, 0.5, 0.0]"
"[11, 5780]","[0.5, 41.8, 1.0, 1.4]"
"[11, 5800]","[1.5, 1.0, 0.0, 26.0]"
"[11, 5820]","[0.9, 0.0, 0.9, 13.2]"
"[11, 5840]","[2.5, 2.0, 0.5, 37.4]"
"[11, 5860]","[0.0, 7.0, 0.9, 0.0]"
"[11, 5880]","[1.0, 40.9, 0.9, 1.9]"
"[11, 5900]","[0.0, 15.4, 0.5, 0.5]"
"[11, 5920]","[0.9, 39.5, 0.5, 0.5]"
"[11, 5940]","[0.0, 1.8, 28.2, 0.5]"
"[11, 5960]","[0.5, 0.0, 0.0, 2.3]"
"[11, 5980]","[2.3, 0.5, 44.1, 0.0]"
"[11, 6000]","[0.5, 0.0, 4.1, 0.9]"
"[11, 6020]","[0.0, 1.4, 0.0, 12.9]"
"[11, 6040]","[1.9, 0.5, 12.8, 0.5]"
"[11, 6080]","[1.0, 21.1, 0.9, 0.9]"
"[11, 6100]","[0.0, 2.8, 0.0, 0.5]"
"[11, 6120]","[0.0, 0.0, 0.0, 3.2]"
"[11, 6140]","[4.6, 0.0, 0.0, 0.5]"
"[11, 6160]","[0.0, 0.0, 0.5, 0.0]"
"[11, 6180]","[0.0, 5.5, 0.0, 0.5]"
"[11, 6220]","[0.0, 7.5, 0.5, 0.5]"
"[11, 6240]","[0.0, 0.0, 0.0, 1.4]"
"[11, 6280]","[0.0, 0.0, 2.3, 0.0]"
"[11, 6320]","[1.4, 0.0, 0.0, 0.0]"
"[11, 6340]","[1.8, 0.0, 0.0, 0.0]"
"[11, 6380]","[0.0, 0.0, 2.3, 0.5]"
"[11, 6420]","[0.0, 0.0, 0.9, 0.0]"
"[11, 6520]","[0.0, 0.0, 0.0, 0.5]"
"[12, 4000]","[0.5, 0.0, 0.0, 0.0]"
"[12, 4020]","[0.9, 0.0, 0.0, 0.0]"
"[12, 4040]","[0.0, 0.0, 0.0, 0.9]"
"[12, 4140]","[0.0, 0.0, 0.0, 1.9]"
"[12, 4180]","[0.0, 0.9, 0.0, 0.0]"
"[12, 4200]","[0.5, 1.4, 0.0, 0.0]"
"[12, 4220]","[0.0, 0.0, 0.5, 0.0]"
"[12, 4240]","[1.4, 0.0, 0.0, 0.0]"
"[12, 4280]","[1.4, 0.0, 0.0, 0.0]"
"[12, 4300]","[0.0, 0.0, 4.2, 0.0]"
"[12, 4320]","[0.0, 0.0, 0.0, 0.5]"
"[12, 4340]","[0.0, 0.0, 0.0, 7.0]"
"[12, 4360]","[0.0, 1.4, 0.0, 0.0]"
"[12, 4380]","[0.0, 0.0, 6.0, 0.0]"
"[12, 4400]","[0.5, 0.5, 0.0, 4.7]"
"[12, 4420]","[1.9, 0.5, 0.5, 0.5]"
"[12, 4440]","[0.0, 0.0, 0.5, 9.8]"
"[12, 4460]","[0.0, 0.0, 0.0, 5.2]"
"[12, 4480]","[0.0, 0.0, 0.0, 7.5]"
"[12, 4500]","[0.0, 5.6, 0.0, 0.0]"
"[12, 4520]","[0.0, 0.0, 3.8, 0.0]"
"[12, 4540]","[0.9, 0.0, 17.2, 0.0]"
"[12, 4560]","[0.9, 0.0, 0.5, 6.1]"
"[12, 4580]","[0.5, 1.0, 0.0, 11.8]"
"[12, 4600]","[0.5, 13.5, 0.0, 0.0]"
"[12, 4620]","[4.2, 0.0, 0.0, 0.5]"
"[12, 4640]","[0.5, 0.0, 0.0, 13.7]"
"[12, 4660]","[0.0, 0.0, 27.1, 0.0]"
"[12, 4680]","[0.0, 16.3, 0.5, 0.5]"
"[12, 4700]","[0.9, 0.0, 0.5, 21.3]"
"[12, 4720]","[0.5, 30.4, 0.0, 1.0]"
"[12, 4740]","[0.5, 0.5, 26.8, 0.5]"
"[12, 4760]","[0.5, 0.5, 0.0, 31.1]"
"[12, 4780]","[1.0, 45.5, 1.0, 1.0]"
"[12, 4800]","[0.0, 0.0, 0.5, 10.9]"
"[12, 4820]","[0.9, 21.5, 0.0, 0.9]"
"[12, 4840]","[0.5, 20.3, 0.5, 0.9]"
"[12, 4860]","[0.0, 23.2, 1.0, 1.4]"
"[12, 4880]","[90.3, 5.8, 2.5, 1.9]"
"[12, 4900]","[1.0, 1.0, 68.1, 2.4]"
"[12, 4920]","[0.0, 1.4, 24.0, 0.5]"
"[12, 4940]","[66.6, 3.4, 2.0, 3.0]"
"[12, 4960]","[3.8, 86.4, 2.9, 1.0]"
"[12, 4980]","[0.5, 1.0, 1.0, 73.8]"
"[12, 5000]","[0.9, 2.0, 2.4, 65.5]"
"[12, 5020]","[1.5, 52.8, 2.5, 1.6]"
"[12, 5040]","[95.3, 1.0, 2.8, 1.9]"
"[12, 5060]","[4.8, 2.4, 2.4, 86.1]"
"[12, 5080]","[3.2, 3.4, 93.6, 2.5]"
"[12, 5100]","[2.0, 1.4, 50.7, 2.0]"
"[12, 5120]","[121.5, 4.1, 3.0, 1.5]"
"[12, 5140]","[1.0, 86.7, 2.0, 1.0]"
"[12, 5160]","[119.9, 2.6, 3.3, 2.9]"
"[12, 5180]","[3.1, 2.4, 107.1, 3.6]"
"[12, 5200]","[1.9, 3.4, 67.3, 2.6]"
"[12, 5220]","[2.6, 1.0, 1.9, 89.7]"
"[12, 5240]","[4.1, 2.6, 142.3, 4.6]"
"[12, 5260]","[4.6, 114.8, 3.5, 4.6]"
"[12, 5280]","[2.0, 3.0, 93.3, 2.6]"
"[12, 5300]","[3.6, 4.0, 2.5, 76.4]"
"[12, 5320]","[189.0, 7.9, 4.8, 6.6]"
"[12, 5340]","[136.2, 4.1, 4.1, 2.0]"
"[12, 5360]","[151.9, 5.1, 6.2, 2.0]"
"[12, 5380]","[2.6, 3.5, 106.2, 5.6]"
"[12, 5400]","[3.7, 4.6, 8.8, 142.4]"
"[12, 5420]","[4.3, 169.9, 8.6, 3.1]"
"[12, 5440]","[5.7, 5.8, 130.1, 3.2]"
"[12, 5460]","[7.0, 8.3, 7.2, 196.9]"
"[12, 5480]","[172.5, 3.0, 4.2, 4.7]"
"[12, 5500]","[2.5, 3.1, 116.6, 1.5]"
"[12, 5520]","[9.3, 7.7, 5.1, 236.5]"
"[12, 5540]","[145.9, 5.6, 4.1, 3.2]"
"[12, 5560]","[3.5, 5.1, 169.7, 5.9]"
"[12, 5580]","[5.2, 4.0, 133.6, 5.6]"
"[12, 5600]","[2.8, 3.2, 2.8, 127.6]"
"[12, 5620]","[4.3, 7.1, 191.9, 6.6]"
"[12, 5640]","[3.1, 5.2, 3.1, 110.4]"
"[12, 5660]","[5.7, 8.3, 5.7, 180.1]"
"[12, 5680]","[132.7, 4.5, 6.6, 2.9]"
"[12, 5700]","[2.1, 1.5, 89.7, 2.5]"
"[12, 5720]","[109.3, 2.0, 4.0, 0.5]"
"[12, 5740]","[2.0, 4.2, 132.9, 2.2]"
"[12, 5760]","[9.3, 5.2, 4.8, 167.1]"
"[12, 5780]","[1.5, 3.9, 120.2, 5.7]"
"[12, 5800]","[0.5, 4.1, 3.5, 110.4]"
"[12, 5820]","[6.5, 6.8, 195.3, 6.3]"
"[12, 5840]","[104.4, 2.0, 1.4, 3.9]"
"[12, 5860]","[134.3, 6.6, 3.5, 3.5]"
"[12, 5880]","[1.5, 103.6, 5.0, 2.5]"
"[12, 5900]","[3.9, 4.6, 156.4, 4.9]"
"[12, 5920]","[3.1, 4.5, 5.5, 165.7]"
"[12, 5940]","[1.4, 62.4, 4.1, 0.5]"
"[12, 5960]","[2.0, 2.0, 4.1, 122.4]"
"[12, 5980]","[5.0, 96.5, 2.5, 2.0]"
"[12, 6000]","[1.0, 2.0, 1.5, 80.9]"
"[12, 6020]","[0.5, 0.5, 3.4, 74.5]"
"[12, 6040]","[1.5, 41.0, 1.0, 0.0]"
"[12, 6060]","[1.6, 1.0, 4.1, 67.6]"
"[12, 6080]","[1.4, 0.5, 3.9, 59.8]"
"[12, 6100]","[1.0, 1.0, 100.8, 3.5]"
"[12, 6120]","[3.4, 2.4, 114.8, 3.5]"
"[12, 6140]","[23.8, 0.5, 0.0, 1.0]"
"[12, 6160]","[4.1, 1.5, 0.5, 79.3]"
"[12, 6180]","[0.0, 1.0, 1.4, 35.9]"
"[12, 6200]","[2.0, 4.5, 0.5, 60.3]"
"[12, 6220]","[2.9, 4.1, 3.5, 80.1]"
"[12, 6240]","[0.0, 0.9, 0.0, 18.2]"
"[12, 6260]","[65.9, 1.9, 2.0, 2.0]"
"[12, 6280]","[1.4, 23.3, 0.5, 0.0]"
"[12, 6300]","[1.4, 34.8, 2.9, 1.0]"
"[12, 6320]","[43.9, 0.0, 1.4, 1.4]"
"[12, 6340]","[1.0, 0.5, 25.7, 0.0]"
"[12, 6360]","[0.9, 1.4, 27.9, 0.5]"
"[12, 6380]","[0.0, 0.5, 9.5, 0.0]"
"[12, 6400]","[0.0, 0.5, 14.9, 0.5]"
"[12, 6420]","[0.0, 0.0, 1.4, 16.9]"
"[12, 6440]","[1.4, 0.0, 0.0, 9.3]"
"[12, 6460]","[19.7, 0.5, 1.0, 0.0]"
"[12, 6480]","[0.0, 4.7, 0.0, 0.0]"
"[12, 6500]","[0.5, 0.0, 40.7, 0.0]"
"[12, 6520]","[0.0, 0.9, 8.9, 0.5]"
"[12, 6540]","[0.0, 0.0, 4.7, 0.0]"
"[12, 6560]","[0.0, 0.9, 21.8, 0.9]"
"[12, 6580]","[0.0, 1.9, 0.0, 0.0]"
"[12, 6600]","[12.0, 0.0, 0.9, 0.0]"
"[12, 6620]","[0.0, 5.6, 0.0, 0.0]"
"[12, 6640]","[0.0, 4.2, 0.5, 0.5]"
"[12, 6660]","[8.8, 0.0, 0.0, 0.0]"
"[12, 6680]","[0.5, 0.0, 0.9, 0.0]"
"[12, 6700]","[0.5, 1.8, 0.0, 0.5]"
"[12, 6720]","[1.4, 0.0, 0.0, 0.0]"
"[12, 6740]","[0.0, 0.0, 0.0, 0.9]"
"[12, 6760]","[0.0, 0.0, 3.7, 0.0]"
"[12, 6800]","[0.0, 0.0, 3.3, 0.0]"
"[12, 6820]","[0.0, 0.0, 0.0, 0.5]"
"[12, 6840]","[0.0, 0.0, 0.5, 0.0]"
"[12, 6860]","[1.4, 0.0, 0.0, 0.0]"
"[12, 6900]","[0.0, 0.5, 0.0, 0.0]"
"[12, 6920]","[0.0, 0.0, 0.5, 0.0]"
"[12, 6960]","[1.9, 0.0, 0.0, 0.0]"
"[12, 7000]","[0.0, 0.0, 0.5, 0.0]"
"[13, 4320]","[0.5, 0.0, 0.0, 0.0]"
"[13, 4360]","[0.0, 0.0, 0.0, 0.9]"
"[13, 4400]","[0.0, 0.0, 0.9, 0.0]"
"[13, 4460]","[0.0, 0.0, 0.0, 0.9]"
"[13, 4520]","[0.0, 0.0, 0.5, 0.0]"
"[13, 4540]","[0.0, 0.5, 0.0, 0.0]"
"[13, 4560]","[0.0, 0.0, 0.0, 1.8]"
"[13, 4580]","[0.0, 0.5, 0.0, 0.0]"
"[13, 4600]","[0.0, 0.0, 0.0, 0.5]"
"[13, 4620]","[0.0, 0.0, 2.4, 0.0]"
"[13, 4660]","[0.0, 0.0, 3.3, 0.0]"
"[13, 4680]","[0.0, 0.0, 0.0, 0.5]"
"[13, 4700]","[0.0, 0.0, 2.8, 0.0]"
"[13, 4720]","[0.0, 0.0, 0.0, 1.9]"
"[13, 4740]","[0.0, 0.0, 0.0, 0.9]"
"[13, 4760]","[2.8, 0.5, 0.0, 0.5]"
"[13, 4780]","[2.3, 0.5, 0.0, 0.5]"
"[13, 4800]","[0.0, 4.2, 0.0, 0.0]"
"[13, 4820]","[0.0, 1.9, 0.0, 0.0]"
"[13, 4840]","[0.5, 0.0, 0.0, 0.0]"
"[13, 4860]","[0.0, 0.5, 6.0, 0.0]"
"[13, 4880]","[0.0, 0.0, 0.0, 6.0]"
"[13, 4900]","[0.5, 0.0, 4.6, 0.0]"
"[13, 4920]","[5.1, 0.0, 0.5, 0.5]"
"[13, 4940]","[0.0, 0.0, 1.4, 0.0]"
"[13, 4960]","[10.6, 0.9, 0.0, 0.0]"
"[13, 4980]","[0.0, 0.9, 18.7, 0.0]"
"[13, 5000]","[0.0, 6.4, 0.0, 0.0]"
"[13, 5020]","[0.5, 0.5, 13.3, 0.9]"
"[13, 5040]","[0.5, 6.9, 0.0, 0.0]"
"[13, 5060]","[19.4, 0.0, 0.0, 0.9]"
"[13, 5080]","[0.5, 1.4, 0.0, 21.0]"
"[13, 5100]","[0.9, 17.7, 0.9, 0.5]"
"[13, 5120]","[0.0, 0.0, 0.0, 9.7]"
"[13, 5140]","[9.6, 0.5, 0.0, 0.0]"
"[13, 5160]","[0.9, 0.9, 0.5, 32.5]"
"[13, 5180]","[0.0, 0.0, 9.2, 0.9]"
"[13, 5200]","[1.4, 0.5, 34.2, 0.5]"
"[13, 5220]","[1.4, 43.3, 0.9, 0.0]"
"[13, 5240]","[0.0, 23.1, 0.5, 0.5]"
"[13, 5260]","[0.9, 0.5, 52.3, 2.3]"
"[13, 5280]","[0.0, 0.0, 0.0, 20.5]"
"[13, 5300]","[35.3, 0.0, 0.9, 1.4]"
"[13, 5320]","[0.9, 1.9, 1.9, 57.2]"
"[13, 5340]","[1.4, 2.8, 60.9, 1.4]"
"[13, 5360]","[42.9, 3.7, 0.9, 1.9]"
"[13, 5380]","[1.9, 0.9, 1.4, 64.6]"
"[13, 5400]","[2.3, 1.4, 67.7, 2.3]"
"[13, 5420]","[72.2, 0.9, 2.3, 0.9]"
"[13, 5440]","[0.9, 39.6, 0.0, 0.9]"
"[13, 5460]","[32.7, 0.0, 0.0, 0.5]"
"[13, 5480]","[0.5, 0.5, 34.6, 0.5]"
"[13, 5500]","[2.8, 4.1, 97.3, 5.6]"
"[13, 5520]","[1.9, 94.8, 3.3, 3.2]"
"[13, 5540]","[1.4, 2.3, 1.9, 87.6]"
"[13, 5560]","[1.4, 95.9, 1.9, 2.4]"
"[13, 5580]","[1.9, 48.3, 1.4, 3.3]"
"[13, 5600]","[0.0, 2.3, 3.3, 87.9]"
"[13, 5620]","[69.8, 1.4, 3.7, 3.3]"
"[13, 5640]","[5.5, 4.6, 105.5, 3.2]"
"[13, 5660]","[2.8, 68.3, 0.9, 1.8]"
"[13, 5680]","[76.6, 0.5, 1.9, 3.3]"
"[13, 5700]","[136.7, 5.1, 5.1, 4.6]"
"[13, 5720]","[141.0, 3.2, 3.3, 7.9]"
"[13, 5740]","[2.8, 115.2, 4.7, 1.4]"
"[13, 5760]","[91.7, 2.3, 2.3, 0.9]"
"[13, 5780]","[3.2, 1.4, 5.1, 114.2]"
"[13, 5800]","[3.7, 151.5, 5.6, 5.1]"
"[13, 5820]","[1.4, 88.5, 1.9, 3.7]"
"[13, 5840]","[7.3, 3.7, 154.6, 2.8]"
"[13, 5860]","[141.1, 3.2, 6.5, 4.7]"
"[13, 5880]","[6.0, 3.7, 111.0, 6.0]"
"[13, 5900]","[3.2, 3.7, 107.1, 3.2]"
"[13, 5920]","[3.2, 149.2, 4.7, 3.7]"
"[13, 5940]","[5.5, 139.9, 2.3, 4.1]"
"[13, 5960]","[3.7, 3.7, 111.1, 5.6]"
"[13, 5980]","[5.6, 5.5, 5.1, 131.1]"
"[13, 6000]","[2.8, 4.6, 89.7, 3.7]"
"[13, 6020]","[116.9, 3.7, 7.0, 1.9]"
"[13, 6040]","[0.9, 3.6, 118.1, 5.6]"
"[13, 6060]","[5.5, 152.7, 4.6, 5.6]"
"[13, 6080]","[4.1, 6.9, 148.9, 5.1]"
"[13, 6100]","[151.8, 1.9, 5.1, 8.3]"
"[13, 6120]","[3.2, 1.8, 3.3, 96.6]"
"[13, 6140]","[7.3, 176.0, 6.5, 7.0]"
"[13, 6160]","[2.8, 2.3, 2.3, 76.8]"
"[13, 6180]","[3.7, 3.2, 3.7, 90.3]"
"[13, 6200]","[0.9, 87.5, 0.5, 2.8]"
"[13, 6220]","[5.1, 3.2, 163.5, 6.9]"
"[13, 6240]","[2.3, 5.1, 5.1, 170.7]"
"[13, 6260]","[4.6, 3.2, 3.3, 130.7]"
"[13, 6280]","[3.7, 6.0, 4.2, 120.7]"
"[13, 6300]","[1.9, 4.1, 115.5, 3.3]"
"[13, 6320]","[0.9, 6.0, 3.7, 90.1]"
"[13, 6340]","[3.3, 85.2, 1.4, 1.9]"
"[13, 6360]","[96.7, 2.8, 0.9, 2.8]"
"[13, 6380]","[131.4, 3.2, 2.8, 2.3]"
"[13, 6400]","[79.9, 2.3, 1.4, 4.2]"
"[13, 6420]","[4.7, 0.5, 1.4, 94.6]"
"[13, 6440]","[5.5, 3.7, 109.0, 4.6]"
"[13, 6460]","[0.9, 36.1, 0.9, 1.4]"
"[13, 6480]","[1.4, 76.1, 2.8, 2.8]"
"[13, 6500]","[56.2, 0.5, 1.9, 1.9]"
"[13, 6520]","[2.8, 87.9, 0.5, 3.7]"
"[13, 6540]","[2.3, 0.9, 4.6, 108.8]"
"[13, 6560]","[36.5, 0.5, 2.3, 0.5]"
"[13, 6580]","[2.4, 88.7, 0.9, 2.3]"
"[13, 6600]","[1.4, 71.7, 0.9, 1.4]"
"[13, 6620]","[0.9, 40.4, 1.9, 1.9]"
"[13, 6640]","[76.9, 0.9, 1.4, 1.9]"
"[13, 6660]","[0.9, 0.9, 0.5, 34.2]"
"[13, 6680]","[0.9, 56.0, 1.4, 1.9]"
"[13, 6700]","[2.3, 1.4, 0.0, 56.6]"
"[13, 6720]","[0.9, 40.0, 2.3, 0.5]"
"[13, 6740]","[1.9, 55.8, 1.4, 0.5]"
"[13, 6760]","[16.0, 0.5, 0.0, 0.9]"
"[13, 6780]","[1.9, 1.4, 38.1, 0.9]"
"[13, 6800]","[0.0, 0.9, 26.7, 0.9]"
"[13, 6820]","[0.9, 1.4, 3.3, 43.9]"
"[13, 6840]","[54.3, 0.5, 1.4, 1.9]"
"[13, 6860]","[0.0, 1.4, 0.5, 12.4]"
"[13, 6880]","[0.5, 26.5, 0.5, 0.5]"
"[13, 6900]","[0.5, 0.0, 0.0, 12.5]"
"[13, 6920]","[0.5, 12.0, 0.0, 0.0]"
"[13, 6940]","[0.0, 0.0, 14.7, 0.0]"
"[13, 6960]","[0.0, 0.0, 7.0, 0.0]"
"[13, 6980]","[0.9, 0.9, 27.6, 0.9]"
"[13, 7000]","[1.4, 0.0, 0.0, 7.4]"
"[13, 7020]","[0.0, 8.7, 0.5, 0.5]"
"[13, 7040]","[0.5, 0.9, 18.3, 0.5]"
"[13, 7060]","[0.0, 4.6, 0.0, 0.0]"
"[13, 7080]","[0.5, 7.8, 0.5, 0.0]"
"[13, 7100]","[0.0, 0.0, 0.0, 2.8]"
"[13, 7120]","[0.0, 0.0, 0.9, 12.9]"
"[13, 7140]","[0.0, 0.0, 0.0, 5.5]"
"[13, 7160]","[0.0, 0.0, 1.8, 0.0]"
"[13, 7180]","[7.8, 0.0, 0.0, 0.0]"
"[13, 7200]","[0.0, 0.9, 0.0, 0.0]"
"[13, 7220]","[0.0, 0.0, 3.3, 0.0]"
"[13, 7240]","[0.9, 0.0, 0.5, 4.2]"
"[13, 7260]","[1.4, 0.0, 0.0, 0.0]"
"[13, 7280]","[0.0, 2.3, 0.0, 0.0]"
"[13, 7300]","[0.0, 0.0, 0.5, 0.0]"
"[13, 7340]","[0.0, 1.4, 0.0, 0.0]"
"[13, 7380]","[0.0, 0.0, 0.9, 0.0]"
"[13, 7420]","[0.0, 0.0, 0.9, 0.0]"
"[13, 7440]","[1.9, 0.0, 0.0, 0.0]"
"[13, 7460]","[0.0, 0.0, 0.5, 0.0]"
"[13, 7480]","[0.0, 0.0, 0.0, 0.9]"
"[13, 7520]","[0.0, 0.0, 0.0, 0.5]"
"[14, 4720]","[0.0, 0.0, 0.0, 0.0]"
"[14, 4840]","[0.0, 0.0, 0.0, 0.0]"
"[14, 4880]","[0.0, 0.0, 0.0, 0.0]"
"[14, 4920]","[0.0, 0.0, 0.0, 0.0]"
"[14, 4940]","[0.0, 0.0, 0.0, 0.0]"
"[14, 4980]","[0.0, 0.0, 0.0, 0.0]"
"[14, 5040]","[0.0, 0.0, 0.0, 0.0]"
"[14, 5060]","[0.0, 0.0, 0.0, 0.0]"
"[14, 5080]","[0.0, 0.0, 0.0, 0.0]"
"[14, 5100]","[0.0, 0.0, 0.0, 0.0]"
"[14, 5120]","[0.0, 0.0, 0.0, 0.0]"
"[14, 5140]","[0.0, 0.0, 0.0, 0.0]"
"[14, 5160]","[0.0, 0.0, 0.0, 0.0]"
"[14, 5180]","[0.0, 0.0, 0.0, 0.0]"
"[14, 5200]","[0.0, 0.0, 0.0, 0.0]"
"[14, 5220]","[0.0, 0.0, 0.0, 0.0]"
"[14, 5240]","[0.0, 0.0, 0.0, 0.0]"
"[14, 5260]","[0.0, 0.0, 0.0, 0.0]"
"[14, 5280]","[0.0, 0.0, 0.0, 0.0]"
"[14, 5300]","[0.0, 0.0, 0.0, 0.0]"
"[14, 5320]","[0.0, 0.0, 0.0, 0.0]"
"[14, 5340]","[0.0, 0.0, 0.0, 0.0]"
"[14, 5360]","[0.0, 0.0, 0.0, 0.0]"
"[14, 5380]","[0.0, 0.0, 0.0, 0.0]"
"[14, 5400]","[0.0, 0.0, 0.0, 0.0]"
"[14, 5420]","[0.0, 0.0, 0.0, 0.0]"
"[14, 5440]","[0.0, 0.0, 0.0, 0.0]"
"[14, 5460]","[0.0, 0.0, 0.0, 0.0]"
"[14, 5480]","[0.0, 0.0, 0.0, 0.0]"
"[14, 5500]","[0.0, 0.0, 0.0, 0.0]"
"[14, 5520]","[0.0, 0.0, 0.0, 0.0]"
"[14, 5540]","[0.0, 0.0, 0.0, 0.0]"
"[14, 5560]","[0.0, 0.0, 0.0, 0.0]"
"[14, 5580]","[0.0, 0.0, 0.0, 0.0]"
"[14, 5600]","[0.0, 0.0, 0.0, 0.0]"
"[14, 5620]","[0.0, 0.0, 0.0, 0.0]"
"[14, 5640]","[0.0, 0.0, 0.0, 0.0]"
"[14, 5660]","[0.0, 0.0, 0.0, 0.0]"
"[14, 5680]","[0.0, 0.0, 0.0, 0.0]"
"[14, 5700]","[0.0, 0.0, 0.0, 0.0]"
"[14, 5720]","[0.0, 0.0, 0.0, 0.0]"
"[14, 5740]","[0.0, 0.0, 0.0, 0.0]"
"[14, 5760]","[0.0, 0.0, 0.0, 0.0]"
"[14, 5780]","[0.0, 0.0, 0.0, 0.0]"
"[14, 5800]","[0.0, 0.0, 0.0, 0.0]"
"[14, 5820]","[0.0, 0.0, 0.0, 0.0]"
"[14, 5840]","[0.0, 0.0, 0.0, 0.0]"
"[14, 5860]","[0.0, 0.0, 0.0, 0.0]"
"[14, 5880]","[0.0, 0.0, 0.0, 0.0]"
"[14, 5900]","[0.0, 0.0, 0.0, 0.0]"
"[14, 5920]","[0.0, 0.0, 0.0, 0.0]"
"[14, 5940]","[0.0, 0.0, 0.0, 0.0]"
"[14, 5960]","[0.0, 0.0, 0.0, 0.0]"
"[14, 5980]","[0.0, 0.0, 0.0, 0.0]"
"[14, 6000]","[0.0, 0.0, 0.0, 0.0]"
"[14, 6020]","[0.0, 0.0, 0.0, 0.0]"
"[14, 6040]","[0.0, 0.0, 0.0, 0.0]"
"[14, 6060]","[0.0, 0.0, 0.0, 0.0]"
"[14, 6080]","[0.0, 0.0, 0.0, 0.0]"
"[14, 6100]","[0.0, 0.0, 0.0, 0.0]"
"[14, 6120]","[0.0, 0.0, 0.0, 0.0]"
"[14, 6140]","[0.0, 0.0, 0.0, 0.0]"
"[14, 6160]","[0.0, 0.0, 0.0, 0.0]"
"[14, 6180]","[0.0, 0.0, 0.0, 0.0]"
"[14, 6200]","[0.0, 0.0, 0.0, 0.0]"
"[14, 6220]","[0.0, 0.0, 0.0, 0.0]"
"[14, 6240]","[0.0, 0.0, 0.0, 0.0]"
"[14, 6260]","[0.0, 0.0, 0.0, 0.0]"
"[14, 6280]","[0.0, 0.0, 0.0, 0.0]"
"[14, 6300]","[0.0, 0.0, 0.0, 0.0]"
"[14, 6320]","[0.0, 0.0, 0.0, 0.0]"
"[14, 6340]","[0.0, 0.0, 0.0, 0.0]"
"[14, 6360]","[0.0, 0.0, 0.0, 0.0]"
"[14, 6380]","[0.0, 0.0, 0.0, 0.0]"
"[14, 6400]","[0.0, 0.0, 0.0, 0.0]"
"[14, 6420]","[0.0, 0.0, 0.0, 0.0]"
"[14, 6440]","[0.0, 0.0, 0.0, 0.0]"
"[14, 6460]","[0.0, 0.0, 0.0, 0.0]"
"[14, 6480]","[0.0, 0.0, 0.0, 0.0]"
"[14, 6500]","[0.0, 0.0, 0.0, 0.0]"
"[14, 6520]","[0.0, 0.0, 0.0, 0.0]"
"[14, 6540]","[0.0, 0.0, 0.0, 0.0]"
"[14, 6560]","[0.0, 0.0, 0.0, 0.0]"
"[14, 6580]","[0.0, 0.0, 0.0, 0.0]"
"[14, 6600]","[0.0, 0.0, 0.0, 0.0]"
"[14, 6620]","[0.0, 0.0, 0.0, 0.0]"
"[14, 6640]","[0.0, 0.0, 0.0, 0.0]"
"[14, 6660]","[0.0, 0.0, 0.0, 0.0]"
"[14, 6680]","[0.0, 0.0, 0.0, 0.0]"
"[14, 6700]","[0.0, 0.0, 0.0, 0.0]"
"[14, 6720]","[0.0, 0.0, 0.0, 0.0]"
"[14, 6740]","[0.0, 0.0, 0.0, 0.0]"
"[14, 6760]","[0.0, 0.0, 0.0, 0.0]"
"[14, 6780]","[0.0, 0.0, 0.0, 0.0]"
"[14, 6800]","[0.0, 0.0, 0.0, 0.0]"
"[14, 6820]","[0.0, 0.0, 0.0, 0.0]"
"[14, 6840]","[0.0, 0.0, 0.0, 0.0]"
"[14, 6860]","[0.0, 0.0, 0.0, 0.0]"
"[14, 6880]","[0.0, 0.0, 0.0, 0.0]"
"[14, 6900]","[0.0, 0.0, 0.0, 0.0]"
"[14, 6920]","[0.0, 0.0, 0.0, 0.0]"
"[14, 6940]","[0.0, 0.0, 0.0, 0.0]"
"[14, 6960]","[0.0, 0.0, 0.0, 0.0]"
"[14, 6980]","[0.0, 0.0, 0.0, 0.0]"
"[14, 7000]","[0.0, 0.0, 0.0, 0.0]"
"[14, 7020]","[0.0, 0.0, 0.0, 0.0]"
"[14, 7040]","[0.0, 0.0, 0.0, 0.0]"
"[14, 7060]","[0.0, 0.0, 0.0, 0.0]"
"[14, 7080]","[0.0, 0.0, 0.0, 0.0]"
"[14, 7100]","[0.0, 0.0, 0.0, 0.0]"
"[14, 7120]","[0.0, 0.0, 0.0, 0.0]"
"[14, 7140]","[0.0, 0.0, 0.0, 0.0]"
"[14, 7160]","[0.0, 0.0, 0.0, 0.0]"
"[14, 7180]","[0.0, 0.0, 0.0, 0.0]"
"[14, 7200]","[0.0, 0.0, 0.0, 0.0]"
"[14, 7220]","[0.0, 0.0, 0.0, 0.0]"
"[14, 7240]","[0.0, 0.0, 0.0, 0.0]"
"[14, 7260]","[0.0, 0.0, 0.0, 0.0]"
"[14, 7280]","[0.0, 0.0, 0.0, 0.0]"
"[14, 7300]","[0.0, 0.0, 0.0, 0.0]"
"[14, 7320]","[0.0, 0.0, 0.0, 0.0]"
"[14, 7340]","[0.0, 0.0, 0.0, 0.0]"
"[14, 7360]","[0.0, 0.0, 0.0, 0.0]"
"[14, 7380]","[0.0, 0.0, 0.0, 0.0]"
"[14, 7400]","[0.0, 0.0, 0.0, 0.0]"
"[14, 7420]","[0.0, 0.0, 0.0, 0.0]"
"[14, 7440]","[0.0, 0.0, 0.0, 0.0]"
"[14, 7460]","[0.0, 0.0, 0.0, 0.0]"
"[14, 7480]","[0.0, 0.0, 0.0, 0.0]"
"[14, 7500]","[0.0, 0.0, 0.0, 0.0]"
"[14, 7520]","[0.0, 0.0, 0.0, 0.0]"
"[14, 7540]","[0.0, 0.0, 0.0, 0.0]"
"[14, 7560]","[0.0, 0.0, 0.0, 0.0]"
"[14, 7580]","[0.0, 0.0, 0.0, 0.0]"
"[14, 7600]","[0.0, 0.0, 0.0, 0.0]"
"[14, 7620]","[0.0, 0.0, 0.0, 0.0]"
"[14, 7640]","[0.0, 0.0, 0.0, 0.0]"
"[14, 7660]","[0.0, 0.0, 0.0, 0.0]"
"[14, 7680]","[0.0, 0.0, 0.0, 0.0]"
"[14, 7700]","[0.0, 0.0, 0.0, 0.0]"
"[14, 7720]","[0.0, 0.0, 0.0, 0.0]"
"[14, 7740]","[0.0, 0.0, 0.0, 0.0]"
"[14, 7760]","[0.0, 0.0, 0.0, 0.0]"
"[14, 7780]","[0.0, 0.0, 0.0, 0.0]"
"[14, 7800]","[0.0, 0.0, 0.0, 0.0]"
"[14, 7820]","[0.0, 0.0, 0.0, 0.0]"
"[14, 7840]","[0.0, 0.0, 0.0, 0.0]"
"[14, 7860]","[0.0, 0.0, 0.0, 0.0]"
"[14, 7880]","[0.0, 0.0, 0.0, 0.0]"
"[14, 7900]","[0.0, 0.0, 0.0, 0.0]"
"[14, 7920]","[0.0, 0.0, 0.0, 0.0]"
"[14, 7960]","[0.0, 0.0, 0.0, 0.0]"
"[14, 8000]","[0.0, 0.0, 0.0, 0.0]"
"[14, 8040]","[0.0, 0.0, 0.0, 0.0]"
"[14, 8060]","[0.0, 0.0, 0.0, 0.0]"
"[14, 8080]","[0.0, 0.0, 0.0, 0.0]"
"[14, 8100]","[0.0, 0.0, 0.0, 0.0]"
