"[00, 0]","[8.892, 14.331, 12.79, 323.996]"
"[01, 300]","[5.725, 5.304, 2.069, 149.647]"
"[01, 400]","[12.094, 0.0, 0.934, 0.0]"
"[01, 500]","[1.986, 88.28, 1.922, 1.902]"
"[01, 600]","[3.782, 4.255, 5.383, 155.563]"
"[02, 1000]","[0.476, 1.487, 0.0, 23.597]"
"[02, 1100]","[52.482, 2.428, 1.474, 1.924]"
"[02, 1200]","[1.945, 66.33, 1.927, 2.418]"
"[02, 600]","[3.319, 1.474, 0.937, 62.515]"
"[02, 700]","[0.0, 8.98, 0.0, 0.466]"
"[02, 800]","[0.474, 49.568, 0.471, 1.918]"
"[02, 900]","[4.95, 5.303, 148.415, 4.431]"
"[03, 1000]","[0.0, 0.0, 4.686, 0.0]"
"[03, 1100]","[0.907, 14.334, 0.934, 0.459]"
"[03, 1200]","[3.836, 98.139, 4.902, 4.415]"
"[03, 1300]","[0.0, 1.412, 0.0, 21.343]"
"[03, 1400]","[1.343, 1.413, 2.509, 80.221]"
"[03, 1500]","[73.157, 3.484, 0.959, 2.883]"
"[03, 1600]","[1.435, 3.355, 1.966, 48.481]"
"[03, 1700]","[0.487, 1.391, 25.523, 1.399]"
"[03, 1800]","[0.0, 0.917, 19.777, 0.493]"
"[03, 900]","[0.935, 0.0, 26.964, 0.0]"
"[04, 1220]","[7.555, 0.449, 0.0, 0.937]"
"[04, 1240]","[0.0, 0.0, 0.903, 0.0]"
"[04, 1320]","[0.0, 0.0, 2.324, 0.0]"
"[04, 1420]","[0.486, 0.0, 9.381, 0.0]"
"[04, 1440]","[0.93, 7.432, 0.0, 0.0]"
"[04, 1520]","[0.0, 0.0, 24.354, 0.918]"
"[04, 1540]","[42.537, 1.849, 3.769, 0.484]"
"[04, 1620]","[0.0, 0.0, 11.698, 0.0]"
"[04, 1640]","[0.941, 0.0, 0.0, 0.0]"
"[04, 1720]","[0.0, 4.214, 58.143, 0.963]"
"[04, 1740]","[0.0, 0.0, 0.0, 1.937]"
"[04, 1820]","[42.455, 1.398, 0.0, 0.95]"
"[04, 1840]","[24.45, 1.388, 0.502, 1.445]"
"[04, 1920]","[43.856, 0.926, 0.0, 1.957]"
"[04, 1940]","[0.0, 0.0, 0.0, 0.944]"
"[04, 2020]","[59.096, 2.872, 3.959, 1.439]"
"[04, 2040]","[0.0, 0.0, 0.0, 1.425]"
"[04, 2120]","[2.361, 1.429, 0.468, 30.371]"
"[04, 2140]","[0.0, 0.0, 0.482, 0.0]"
"[04, 2220]","[0.448, 1.39, 28.638, 1.441]"
"[04, 2320]","[14.285, 0.97, 0.488, 0.471]"
"[04, 2420]","[0.895, 0.0, 5.683, 0.0]"
"[05, 1540]","[1.41, 0.0, 0.0, 0.0]"
"[05, 1560]","[0.0, 0.0, 2.413, 0.0]"
"[05, 1640]","[0.0, 0.0, 0.0, 1.353]"
"[05, 1740]","[0.897, 6.057, 0.0, 0.452]"
"[05, 1760]","[0.482, 0.489, 0.0, 0.0]"
"[05, 1780]","[0.0, 0.0, 0.0, 3.773]"
"[05, 1840]","[10.184, 0.0, 0.0, 0.488]"
"[05, 1860]","[8.395, 0.0, 0.0, 0.0]"
"[05, 1880]","[13.891, 1.828, 0.0, 0.49]"
"[05, 1940]","[0.0, 0.0, 0.0, 10.228]"
"[05, 1960]","[0.0, 2.312, 0.0, 0.0]"
"[05, 2040]","[0.465, 21.846, 2.333, 1.9]"
"[05, 2060]","[0.0, 18.125, 0.0, 0.462]"
"[05, 2140]","[0.0, 0.449, 0.0, 12.617]"
"[05, 2160]","[1.484, 0.448, 30.809, 0.912]"
"[05, 2180]","[0.0, 0.447, 10.902, 0.0]"
"[05, 2240]","[0.464, 35.702, 0.912, 0.909]"
"[05, 2260]","[0.454, 15.587, 0.0, 0.0]"
"[05, 2340]","[35.033, 0.967, 0.96, 1.418]"
"[05, 2360]","[1.418, 0.488, 32.461, 1.447]"
"[05, 2440]","[34.414, 2.93, 0.965, 0.489]"
"[05, 2460]","[0.0, 0.0, 0.0, 8.522]"
"[05, 2540]","[0.954, 1.4, 0.984, 33.126]"
"[05, 2560]","[0.0, 1.378, 0.0, 0.0]"
"[05, 2640]","[0.0, 0.0, 24.798, 0.0]"
"[05, 2660]","[0.0, 6.4, 0.0, 0.462]"
"[05, 2740]","[0.944, 0.483, 0.492, 25.315]"
"[05, 2760]","[0.0, 1.411, 0.0, 0.0]"
"[05, 2840]","[13.025, 0.0, 0.483, 0.484]"
"[05, 2940]","[6.523, 0.0, 0.0, 0.0]"
"[05, 3040]","[0.0, 0.0, 0.0, 1.447]"
"[06, 1880]","[0.0, 0.468, 0.0, 0.0]"
"[06, 1960]","[0.0, 1.394, 0.0, 0.0]"
"[06, 2060]","[1.382, 0.0, 0.0, 0.0]"
"[06, 2080]","[4.171, 0.0, 0.0, 0.46]"
"[06, 2100]","[0.0, 0.0, 1.37, 0.0]"
"[06, 2160]","[0.0, 0.0, 0.0, 0.46]"
"[06, 2180]","[0.0, 0.0, 0.917, 5.077]"
"[06, 2200]","[4.171, 0.0, 0.0, 0.0]"
"[06, 2220]","[6.888, 0.0, 0.468, 0.0]"
"[06, 2260]","[1.39, 5.499, 0.0, 0.462]"
"[06, 2280]","[0.0, 0.0, 0.468, 0.0]"
"[06, 2300]","[0.0, 0.0, 1.383, 0.0]"
"[06, 2360]","[0.0, 0.461, 6.434, 0.0]"
"[06, 2380]","[0.0, 0.0, 0.459, 20.124]"
"[06, 2400]","[0.944, 0.0, 0.0, 10.575]"
"[06, 2460]","[0.0, 10.656, 0.0, 0.462]"
"[06, 2480]","[0.939, 14.736, 0.461, 0.463]"
"[06, 2500]","[0.0, 0.0, 7.801, 0.0]"
"[06, 2520]","[0.0, 0.461, 0.0, 0.0]"
"[06, 2560]","[0.459, 0.462, 12.309, 0.0]"
"[06, 2580]","[0.477, 18.918, 1.408, 0.94]"
"[06, 2600]","[0.0, 10.23, 0.0, 0.0]"
"[06, 2660]","[0.939, 9.745, 0.0, 0.463]"
"[06, 2680]","[0.0, 0.935, 2.342, 39.501]"
"[06, 2700]","[0.0, 0.46, 6.474, 0.0]"
"[06, 2760]","[0.455, 0.477, 0.0, 10.985]"
"[06, 2780]","[0.466, 27.557, 0.0, 0.924]"
"[06, 2800]","[0.0, 0.0, 0.0, 2.773]"
"[06, 2860]","[1.407, 1.884, 27.611, 0.464]"
"[06, 2880]","[0.0, 0.0, 16.393, 0.472]"
"[06, 2900]","[0.0, 0.943, 0.0, 0.0]"
"[06, 2960]","[0.0, 0.0, 1.408, 21.549]"
"[06, 2980]","[12.862, 0.0, 0.0, 0.0]"
"[06, 3000]","[0.0, 0.466, 3.217, 0.0]"
"[06, 3060]","[25.066, 0.926, 0.47, 0.941]"
"[06, 3080]","[4.158, 0.0, 0.0, 0.0]"
"[06, 3100]","[0.0, 0.0, 0.46, 0.0]"
"[06, 3160]","[0.944, 23.482, 0.938, 0.463]"
"[06, 3180]","[4.6, 0.0, 0.46, 0.471]"
"[06, 3260]","[13.871, 0.95, 0.46, 0.469]"
"[06, 3280]","[0.0, 3.719, 0.0, 0.0]"
"[06, 3360]","[0.478, 0.0, 14.255, 0.917]"
"[06, 3380]","[0.0, 0.0, 0.0, 0.455]"
"[06, 3460]","[0.0, 0.0, 0.0, 6.416]"
"[06, 3560]","[0.0, 0.0, 2.746, 0.0]"
"[06, 3660]","[0.0, 0.0, 0.0, 0.929]"
"[07, 2160]","[0.0, 0.0, 0.0, 0.468]"
"[07, 2240]","[0.942, 0.0, 0.0, 0.0]"
"[07, 2360]","[0.0, 0.0, 0.0, 0.468]"
"[07, 2460]","[0.0, 0.455, 0.0, 1.87]"
"[07, 2480]","[1.397, 0.0, 0.0, 0.0]"
"[07, 2500]","[2.285, 0.0, 0.0, 0.0]"
"[07, 2540]","[0.0, 0.46, 0.0, 0.924]"
"[07, 2560]","[1.38, 0.0, 0.0, 0.0]"
"[07, 2580]","[0.0, 0.0, 1.84, 0.0]"
"[07, 2620]","[0.0, 0.0, 0.0, 0.932]"
"[07, 2640]","[3.244, 0.0, 0.457, 0.0]"
"[07, 2660]","[0.0, 0.0, 10.494, 0.0]"
"[07, 2680]","[0.0, 0.925, 5.536, 0.0]"
"[07, 2700]","[0.0, 0.473, 4.111, 0.0]"
"[07, 2720]","[0.0, 0.0, 0.0, 0.462]"
"[07, 2740]","[0.0, 0.473, 0.0, 4.152]"
"[07, 2760]","[0.0, 0.0, 0.457, 0.0]"
"[07, 2780]","[0.458, 0.0, 0.0, 3.224]"
"[07, 2800]","[0.0, 0.0, 1.839, 0.0]"
"[07, 2820]","[0.0, 2.35, 0.0, 0.0]"
"[07, 2840]","[0.458, 6.001, 0.458, 0.0]"
"[07, 2860]","[0.0, 0.473, 5.534, 0.46]"
"[07, 2880]","[0.46, 0.0, 10.543, 0.0]"
"[07, 2900]","[0.0, 0.472, 0.926, 6.463]"
"[07, 2920]","[0.0, 0.0, 0.457, 0.0]"
"[07, 2940]","[2.826, 0.0, 0.0, 0.0]"
"[07, 2960]","[0.0, 0.928, 16.873, 0.465]"
"[07, 2980]","[7.853, 0.0, 0.0, 0.468]"
"[07, 3000]","[0.0, 15.724, 0.469, 0.0]"
"[07, 3020]","[8.753, 0.0, 0.472, 0.0]"
"[07, 3040]","[0.0, 0.0, 7.83, 0.0]"
"[07, 3060]","[0.0, 0.0, 8.729, 0.0]"
"[07, 3080]","[0.913, 0.0, 8.765, 1.392]"
"[07, 3100]","[0.479, 4.661, 0.0, 0.0]"
"[07, 3120]","[2.787, 0.0, 0.0, 0.0]"
"[07, 3140]","[0.46, 0.0, 13.302, 0.0]"
"[07, 3160]","[1.401, 0.461, 12.823, 0.0]"
"[07, 3180]","[6.953, 0.471, 0.47, 0.0]"
"[07, 3200]","[0.945, 0.95, 19.639, 0.477]"
"[07, 3220]","[0.0, 1.415, 0.0, 0.0]"
"[07, 3240]","[10.256, 0.0, 0.469, 0.471]"
"[07, 3260]","[0.0, 7.009, 0.0, 0.0]"
"[07, 3280]","[0.0, 0.0, 5.565, 0.0]"
"[07, 3300]","[17.415, 0.461, 0.46, 0.945]"
"[07, 3320]","[0.459, 0.0, 1.389, 0.0]"
"[07, 3340]","[14.314, 0.462, 0.457, 0.464]"
"[07, 3360]","[0.462, 0.471, 0.477, 5.527]"
"[07, 3380]","[6.564, 0.0, 0.0, 0.0]"
"[07, 3400]","[0.0, 0.0, 8.3, 0.922]"
"[07, 3420]","[0.0, 1.391, 0.0, 0.0]"
"[07, 3440]","[4.662, 0.0, 0.0, 0.0]"
"[07, 3460]","[0.0, 0.0, 5.038, 0.0]"
"[07, 3480]","[14.268, 0.0, 0.925, 0.0]"
"[07, 3500]","[1.39, 0.477, 0.469, 4.18]"
"[07, 3540]","[8.837, 0.473, 0.945, 0.0]"
"[07, 3560]","[0.0, 2.308, 0.0, 0.0]"
"[07, 3580]","[23.673, 0.0, 0.0, 0.931]"
"[07, 3600]","[0.0, 0.0, 3.21, 0.0]"
"[07, 3620]","[0.0, 0.0, 0.0, 2.3]"
"[07, 3640]","[13.353, 0.473, 0.458, 0.0]"
"[07, 3660]","[2.76, 0.0, 0.0, 0.0]"
"[07, 3680]","[0.463, 13.787, 0.926, 0.943]"
"[07, 3700]","[0.0, 0.461, 1.857, 0.0]"
"[07, 3720]","[0.46, 0.0, 0.0, 0.0]"
"[07, 3740]","[0.462, 0.0, 4.575, 0.0]"
"[07, 3780]","[0.0, 6.004, 0.0, 0.46]"
"[07, 3800]","[0.0, 0.0, 0.47, 0.0]"
"[07, 3840]","[0.0, 0.934, 0.0, 3.714]"
"[07, 3860]","[0.46, 0.0, 0.0, 0.0]"
"[07, 3880]","[3.246, 0.0, 0.0, 0.0]"
"[07, 3900]","[0.0, 0.0, 1.364, 0.0]"
"[07, 3940]","[0.0, 0.0, 0.0, 3.232]"
"[07, 3980]","[0.0, 0.0, 2.307, 0.0]"
"[07, 4040]","[1.373, 0.0, 0.0, 0.0]"
"[07, 4080]","[0.0, 0.0, 0.0, 1.38]"
"[07, 4180]","[0.0, 0.0, 0.914, 0.0]"
"[07, 4280]","[0.0, 0.0, 0.455, 0.0]"
"[08, 2440]","[0.0, 0.462, 0.0, 0.0]"
"[08, 2640]","[0.0, 0.0, 0.463, 0.0]"
"[08, 2660]","[0.925, 0.0, 0.0, 0.0]"
"[08, 2740]","[0.0, 0.0, 0.0, 1.848]"
"[08, 2860]","[0.463, 0.0, 0.0, 0.0]"
"[08, 2900]","[0.925, 0.0, 0.0, 0.462]"
"[08, 2940]","[0.0, 0.0, 2.312, 0.0]"
"[08, 2960]","[0.0, 0.0, 0.0, 1.853]"
"[08, 2980]","[0.0, 0.0, 0.0, 1.851]"
"[08, 3020]","[0.0, 0.0, 0.0, 1.391]"
"[08, 3040]","[0.0, 0.0, 0.463, 0.0]"
"[08, 3060]","[0.0, 2.776, 0.0, 0.0]"
"[08, 3080]","[0.462, 0.0, 0.0, 0.0]"
"[08, 3100]","[0.925, 0.0, 0.0, 0.0]"
"[08, 3120]","[3.235, 0.0, 0.0, 0.0]"
"[08, 3140]","[0.0, 6.473, 0.0, 0.0]"
"[08, 3160]","[0.0, 0.0, 0.0, 5.554]"
"[08, 3180]","[0.0, 0.463, 7.392, 0.0]"
"[08, 3200]","[0.927, 0.0, 0.0, 0.0]"
"[08, 3220]","[0.463, 0.464, 0.0, 0.0]"
"[08, 3240]","[0.0, 6.931, 0.0, 0.0]"
"[08, 3260]","[0.466, 0.0, 5.09, 0.0]"
"[08, 3280]","[5.569, 0.462, 0.463, 0.0]"
"[08, 3300]","[0.0, 0.0, 0.0, 5.103]"
"[08, 3320]","[0.0, 0.0, 5.104, 0.0]"
"[08, 3340]","[0.0, 4.633, 0.462, 0.0]"
"[08, 3360]","[1.406, 10.6, 0.0, 0.925]"
"[08, 3380]","[0.0, 2.334, 0.0, 0.0]"
"[08, 3400]","[0.0, 0.0, 0.0, 4.618]"
"[08, 3420]","[0.0, 12.868, 0.465, 0.0]"
"[08, 3440]","[10.121, 0.0, 0.467, 1.393]"
"[08, 3460]","[0.0, 0.47, 0.469, 4.667]"
"[08, 3480]","[0.0, 0.465, 11.081, 0.467]"
"[08, 3500]","[5.084, 0.463, 0.0, 0.928]"
"[08, 3520]","[0.0, 9.728, 0.464, 0.468]"
"[08, 3540]","[0.0, 0.0, 6.024, 0.466]"
"[08, 3560]","[0.0, 6.966, 0.0, 0.463]"
"[08, 3580]","[0.467, 0.464, 0.926, 10.605]"
"[08, 3600]","[0.0, 0.0, 0.932, 6.478]"
"[08, 3620]","[0.932, 0.0, 0.466, 12.01]"
"[08, 3640]","[0.0, 0.0, 11.523, 0.466]"
"[08, 3660]","[11.55, 0.0, 0.0, 0.0]"
"[08, 3680]","[0.472, 13.381, 0.0, 0.93]"
"[08, 3700]","[2.313, 0.0, 0.0, 0.0]"
"[08, 3720]","[0.47, 0.0, 0.467, 7.871]"
"[08, 3740]","[0.0, 1.862, 0.0, 0.0]"
"[08, 3760]","[0.462, 0.469, 9.714, 0.0]"
"[08, 3780]","[0.0, 0.936, 12.905, 0.0]"
"[08, 3800]","[0.466, 5.092, 0.469, 0.467]"
"[08, 3820]","[0.0, 0.0, 14.274, 0.0]"
"[08, 3840]","[0.0, 0.0, 0.0, 2.319]"
"[08, 3860]","[0.0, 0.935, 0.0, 7.854]"
"[08, 3880]","[3.723, 0.0, 0.0, 0.463]"
"[08, 3900]","[0.0, 0.0, 6.488, 0.936]"
"[08, 3920]","[0.0, 7.422, 0.0, 0.464]"
"[08, 3940]","[0.0, 0.0, 0.462, 2.312]"
"[08, 3960]","[1.392, 0.0, 12.875, 0.0]"
"[08, 3980]","[0.0, 6.47, 0.0, 0.0]"
"[08, 4000]","[0.469, 6.944, 0.465, 0.0]"
"[08, 4020]","[5.114, 0.462, 0.0, 0.0]"
"[08, 4040]","[0.0, 2.312, 0.0, 0.0]"
"[08, 4060]","[0.0, 0.0, 0.467, 13.327]"
"[08, 4080]","[3.7, 0.0, 0.0, 0.0]"
"[08, 4100]","[0.0, 9.211, 0.932, 0.935]"
"[08, 4120]","[0.0, 0.927, 0.0, 9.68]"
"[08, 4140]","[0.0, 0.0, 0.463, 0.0]"
"[08, 4160]","[0.0, 0.0, 6.955, 0.0]"
"[08, 4200]","[0.0, 0.0, 0.0, 6.496]"
"[08, 4220]","[0.0, 0.465, 3.698, 0.464]"
"[08, 4240]","[0.0, 0.925, 0.0, 0.0]"
"[08, 4260]","[4.174, 0.0, 0.0, 0.0]"
"[08, 4280]","[0.0, 0.0, 1.849, 0.0]"
"[08, 4300]","[0.0, 6.472, 0.0, 0.0]"
"[08, 4320]","[0.0, 0.0, 1.852, 0.0]"
"[08, 4340]","[0.0, 0.463, 0.0, 0.0]"
"[08, 4360]","[3.239, 0.0, 0.0, 0.0]"
"[08, 4380]","[0.0, 0.0, 1.387, 0.0]"
"[08, 4400]","[2.779, 0.0, 0.0, 0.0]"
"[08, 4460]","[0.0, 0.0, 2.31, 0.0]"
"[08, 4480]","[0.0, 0.0, 0.462, 0.0]"
"[08, 4500]","[0.0, 0.0, 1.388, 0.0]"
"[08, 4520]","[0.0, 0.0, 0.0, 0.463]"
"[08, 4560]","[0.0, 2.775, 0.0, 0.464]"
"[08, 4600]","[0.925, 0.0, 0.0, 0.0]"
"[08, 4660]","[0.926, 0.463, 0.0, 0.0]"
"[08, 4760]","[0.0, 0.462, 0.0, 0.0]"
"[08, 4800]","[0.0, 0.0, 0.462, 0.0]"
"[09, 2840]","[0.0, 0.0, 0.462, 0.0]"
"[09, 3040]","[0.926, 0.0, 0.0, 0.0]"
"[09, 3060]","[0.0, 0.0, 0.0, 0.463]"
"[09, 3160]","[0.0, 0.925, 0.0, 0.0]"
"[09, 3240]","[0.0, 0.0, 1.387, 0.0]"
"[09, 3260]","[0.0, 0.0, 0.463, 0.0]"
"[09, 3300]","[0.462, 0.0, 0.0, 0.0]"
"[09, 3320]","[0.0, 0.0, 0.0, 0.463]"
"[09, 3340]","[0.0, 0.0, 0.0, 0.925]"
"[09, 3360]","[0.462, 0.0, 0.0, 0.0]"
"[09, 3380]","[0.0, 0.462, 0.0, 0.0]"
"[09, 3440]","[0.0, 0.462, 0.0, 0.0]"
"[09, 3460]","[0.0, 0.931, 0.0, 5.072]"
"[09, 3480]","[0.0, 0.0, 0.0, 2.779]"
"[09, 3500]","[0.0, 0.0, 0.0, 1.389]"
"[09, 3520]","[0.925, 0.0, 0.0, 0.467]"
"[09, 3540]","[0.0, 0.0, 0.0, 4.167]"
"[09, 3560]","[0.0, 1.391, 0.0, 0.0]"
"[09, 3580]","[1.854, 0.0, 0.0, 0.0]"
"[09, 3600]","[2.316, 0.0, 0.0, 0.0]"
"[09, 3620]","[4.613, 0.0, 0.0, 0.0]"
"[09, 3640]","[3.708, 0.0, 0.0, 0.0]"
"[09, 3660]","[0.0, 0.0, 0.0, 3.252]"
"[09, 3680]","[0.0, 0.0, 2.779, 0.465]"
"[09, 3700]","[0.0, 0.0, 0.466, 1.849]"
"[09, 3720]","[0.0, 0.0, 1.856, 0.0]"
"[09, 3740]","[8.789, 0.0, 0.0, 0.0]"
"[09, 3760]","[0.0, 0.0, 0.0, 9.689]"
"[09, 3780]","[0.0, 0.467, 11.952, 0.467]"
"[09, 3800]","[0.0, 0.0, 0.464, 1.853]"
"[09, 3820]","[0.0, 0.464, 0.0, 8.778]"
"[09, 3840]","[0.0, 6.001, 0.468, 0.467]"
"[09, 3860]","[4.183, 0.0, 0.0, 0.0]"
"[09, 3880]","[0.473, 0.0, 4.65, 0.466]"
"[09, 3900]","[0.462, 0.466, 0.466, 9.656]"
"[09, 3920]","[0.0, 12.885, 0.0, 0.0]"
"[09, 3940]","[0.0, 6.471, 0.466, 0.0]"
"[09, 3960]","[0.931, 0.465, 0.0, 11.054]"
"[09, 3980]","[6.972, 0.0, 0.0, 0.0]"
"[09, 4000]","[0.0, 0.0, 0.0, 2.773]"
"[09, 4020]","[0.464, 6.496, 0.0, 0.0]"
"[09, 4040]","[6.473, 0.464, 0.0, 0.463]"
"[09, 4060]","[0.467, 0.933, 0.0, 13.823]"
"[09, 4080]","[0.0, 13.354, 0.933, 0.467]"
"[09, 4100]","[0.0, 0.0, 0.0, 2.782]"
"[09, 4120]","[0.929, 0.0, 0.0, 10.658]"
"[09, 4140]","[11.056, 0.0, 0.466, 0.0]"
"[09, 4160]","[0.0, 0.0, 8.35, 0.0]"
"[09, 4180]","[0.466, 0.0, 11.103, 0.0]"
"[09, 4200]","[0.468, 7.843, 0.465, 0.0]"
"[09, 4220]","[9.728, 0.0, 0.0, 0.931]"
"[09, 4240]","[0.0, 3.698, 0.0, 0.465]"
"[09, 4260]","[0.0, 8.829, 0.466, 0.465]"
"[09, 4280]","[9.696, 0.0, 0.466, 0.0]"
"[09, 4300]","[0.0, 3.253, 0.0, 0.0]"
"[09, 4320]","[0.0, 12.881, 0.0, 0.463]"
"[09, 4340]","[0.0, 1.851, 0.0, 0.0]"
"[09, 4360]","[0.0, 0.0, 8.782, 0.946]"
"[09, 4380]","[0.0, 8.778, 0.466, 0.0]"
"[09, 4400]","[0.0, 8.321, 0.0, 0.0]"
"[09, 4420]","[0.467, 11.54, 0.0, 0.0]"
"[09, 4440]","[0.0, 0.0, 0.0, 1.853]"
"[09, 4460]","[0.0, 7.398, 0.0, 0.0]"
"[09, 4480]","[3.702, 0.0, 0.463, 0.0]"
"[09, 4500]","[0.468, 0.937, 11.083, 0.0]"
"[09, 4520]","[0.0, 0.466, 0.0, 3.716]"
"[09, 4540]","[1.849, 0.0, 0.0, 0.0]"
"[09, 4560]","[0.466, 8.334, 0.462, 0.0]"
"[09, 4580]","[0.0, 2.315, 0.462, 0.0]"
"[09, 4600]","[4.163, 0.0, 0.0, 0.0]"
"[09, 4620]","[0.0, 0.0, 0.0, 5.085]"
"[09, 4640]","[1.388, 0.0, 0.0, 0.0]"
"[09, 4660]","[0.0, 0.464, 9.683, 0.0]"
"[09, 4680]","[0.0, 0.0, 0.926, 0.0]"
"[09, 4700]","[7.841, 0.0, 0.0, 0.0]"
"[09, 4720]","[0.0, 5.078, 0.463, 0.0]"
"[09, 4760]","[0.0, 0.0, 0.0, 6.001]"
"[09, 4780]","[0.0, 0.0, 0.0, 0.926]"
"[09, 4800]","[0.929, 0.0, 0.0, 0.0]"
"[09, 4820]","[1.85, 0.0, 0.0, 0.0]"
"[09, 4840]","[0.0, 0.0, 0.926, 0.0]"
"[09, 4860]","[0.0, 0.0, 0.0, 1.391]"
"[09, 4880]","[0.0, 0.0, 0.925, 0.0]"
"[09, 4900]","[0.0, 0.0, 0.465, 5.078]"
"[09, 4920]","[0.0, 0.0, 0.0, 0.464]"
"[09, 4960]","[0.0, 0.462, 0.0, 2.776]"
"[09, 4980]","[0.925, 0.0, 0.0, 0.0]"
"[09, 5000]","[0.0, 1.387, 0.0, 0.0]"
"[09, 5060]","[1.851, 0.0, 0.0, 0.0]"
"[09, 5100]","[1.848, 0.0, 0.0, 0.0]"
"[09, 5160]","[0.0, 1.851, 0.0, 0.0]"
"[09, 5260]","[0.0, 0.0, 0.462, 0.0]"
"[09, 5400]","[0.0, 0.0, 0.462, 0.0]"
"[10, 3140]","[0.0, 0.467, 0.0, 0.0]"
"[10, 3540]","[0.0, 1.392, 0.47, 0.0]"
"[10, 3560]","[0.0, 1.402, 0.0, 0.0]"
"[10, 3640]","[0.0, 0.0, 0.457, 0.0]"
"[10, 3660]","[0.0, 0.935, 0.0, 0.0]"
"[10, 3700]","[0.457, 0.0, 0.0, 0.0]"
"[10, 3740]","[0.0, 0.0, 0.0, 0.45]"
"[10, 3760]","[0.0, 0.0, 0.451, 1.843]"
"[10, 3780]","[0.0, 0.0, 0.458, 0.0]"
"[10, 3800]","[0.0, 0.452, 0.0, 0.0]"
"[10, 3840]","[0.0, 0.0, 1.377, 0.0]"
"[10, 3920]","[0.918, 0.0, 0.0, 0.0]"
"[10, 3940]","[0.0, 0.468, 0.0, 0.0]"
"[10, 3960]","[0.0, 3.219, 0.0, 0.0]"
"[10, 3980]","[0.0, 2.319, 0.0, 0.0]"
"[10, 4000]","[1.381, 0.0, 0.0, 0.0]"
"[10, 4020]","[0.0, 0.0, 0.0, 2.765]"
"[10, 4040]","[0.0, 1.386, 0.0, 0.457]"
"[10, 4060]","[0.0, 6.91, 0.0, 0.0]"
"[10, 4080]","[0.0, 0.0, 0.46, 5.028]"
"[10, 4100]","[0.0, 0.0, 0.0, 2.779]"
"[10, 4120]","[0.0, 0.0, 0.0, 5.986]"
"[10, 4140]","[0.454, 9.611, 0.0, 0.0]"
"[10, 4160]","[0.0, 0.0, 0.0, 0.921]"
"[10, 4180]","[0.0, 0.0, 4.582, 0.0]"
"[10, 4200]","[0.453, 0.473, 4.605, 0.457]"
"[10, 4220]","[0.0, 0.0, 3.23, 0.0]"
"[10, 4240]","[0.0, 6.437, 0.0, 0.0]"
"[10, 4260]","[0.0, 0.909, 10.106, 0.0]"
"[10, 4280]","[0.0, 4.59, 0.0, 0.0]"
"[10, 4300]","[2.765, 0.0, 0.0, 0.0]"
"[10, 4320]","[0.0, 9.675, 0.0, 0.455]"
"[10, 4340]","[0.461, 5.542, 0.0, 0.0]"
"[10, 4360]","[0.915, 0.0, 10.942, 0.0]"
"[10, 4380]","[0.0, 10.141, 0.45, 0.0]"
"[10, 4400]","[4.611, 0.0, 0.0, 0.454]"
"[10, 4420]","[0.0, 11.908, 0.0, 0.452]"
"[10, 4440]","[0.0, 6.863, 0.0, 0.0]"
"[10, 4460]","[0.0, 0.0, 6.44, 0.0]"
"[10, 4480]","[0.469, 0.0, 0.461, 15.962]"
"[10, 4500]","[0.0, 0.462, 6.461, 0.0]"
"[10, 4520]","[4.667, 0.0, 0.0, 0.0]"
"[10, 4540]","[0.941, 8.77, 0.0, 0.0]"
"[10, 4560]","[0.0, 0.462, 6.887, 0.0]"
"[10, 4580]","[0.0, 0.462, 0.462, 5.979]"
"[10, 4600]","[0.0, 0.0, 3.184, 0.0]"
"[10, 4620]","[10.223, 0.469, 0.0, 0.472]"
"[10, 4640]","[5.016, 0.0, 0.46, 0.0]"
"[10, 4660]","[0.93, 16.489, 0.0, 0.462]"
"[10, 4680]","[9.641, 0.0, 0.475, 0.0]"
"[10, 4700]","[0.0, 0.0, 0.0, 5.563]"
"[10, 4720]","[0.461, 15.065, 0.0, 0.0]"
"[10, 4740]","[0.0, 0.0, 0.475, 5.566]"
"[10, 4760]","[0.0, 0.0, 4.165, 0.0]"
"[10, 4780]","[0.0, 11.001, 0.0, 0.0]"
"[10, 4800]","[0.453, 11.964, 0.46, 0.0]"
"[10, 4820]","[0.481, 10.657, 0.451, 0.0]"
"[10, 4840]","[0.0, 0.0, 0.0, 1.868]"
"[10, 4860]","[0.472, 0.0, 0.453, 9.555]"
"[10, 4880]","[0.944, 0.472, 3.231, 0.45]"
"[10, 4900]","[0.0, 0.0, 2.276, 0.0]"
"[10, 4920]","[0.0, 5.545, 0.472, 0.0]"
"[10, 4940]","[1.832, 0.0, 0.0, 0.0]"
"[10, 4960]","[0.459, 0.0, 0.0, 10.568]"
"[10, 4980]","[4.575, 0.454, 0.452, 0.0]"
"[10, 5000]","[0.0, 0.0, 0.471, 6.969]"
"[10, 5020]","[4.141, 0.0, 0.458, 0.0]"
"[10, 5040]","[2.306, 0.0, 0.0, 0.0]"
"[10, 5060]","[0.0, 0.461, 6.421, 0.0]"
"[10, 5080]","[0.0, 2.796, 0.0, 0.0]"
"[10, 5100]","[0.0, 0.0, 8.2, 0.454]"
"[10, 5120]","[5.503, 0.0, 0.0, 0.461]"
"[10, 5140]","[1.398, 0.0, 0.0, 0.0]"
"[10, 5160]","[4.578, 0.0, 0.473, 0.477]"
"[10, 5180]","[0.45, 0.0, 0.0, 0.0]"
"[10, 5200]","[0.0, 0.0, 4.61, 0.0]"
"[10, 5220]","[0.0, 0.0, 4.562, 0.0]"
"[10, 5240]","[0.0, 0.0, 0.469, 0.0]"
"[10, 5260]","[0.0, 0.0, 0.0, 5.044]"
"[10, 5280]","[0.0, 0.0, 0.0, 0.9]"
"[10, 5300]","[0.0, 0.0, 0.0, 2.78]"
"[10, 5320]","[0.0, 0.0, 0.0, 1.377]"
"[10, 5360]","[0.458, 0.0, 3.624, 0.452]"
"[10, 5380]","[0.0, 0.0, 0.0, 1.375]"
"[10, 5400]","[0.467, 0.0, 2.305, 0.0]"
"[10, 5420]","[0.0, 0.907, 0.0, 0.0]"
"[10, 5460]","[0.0, 1.866, 0.0, 0.0]"
"[10, 5500]","[0.0, 0.458, 2.281, 0.0]"
"[10, 5560]","[0.0, 0.0, 0.0, 2.307]"
"[10, 5580]","[0.457, 0.0, 0.0, 0.0]"
"[10, 5600]","[0.0, 0.0, 0.45, 0.0]"
"[10, 5700]","[0.0, 0.0, 0.47, 0.0]"
"[10, 5760]","[0.0, 0.45, 0.0, 0.0]"
"[10, 5860]","[0.0, 0.0, 0.47, 0.0]"
"[10, 6000]","[0.0, 0.0, 0.0, 0.45]"
"[11, 3560]","[0.0, 0.0, 0.0, 0.469]"
"[11, 3820]","[0.924, 0.0, 0.0, 0.0]"
"[11, 3960]","[0.0, 0.0, 0.45, 0.0]"
"[11, 3980]","[0.0, 0.0, 1.363, 0.0]"
"[11, 4040]","[0.0, 0.0, 0.0, 0.938]"
"[11, 4060]","[0.0, 0.45, 0.0, 0.0]"
"[11, 4080]","[0.0, 0.0, 0.0, 0.9]"
"[11, 4120]","[0.0, 0.0, 0.0, 0.469]"
"[11, 4160]","[0.0, 0.469, 0.0, 0.0]"
"[11, 4220]","[0.0, 0.467, 0.0, 0.0]"
"[11, 4240]","[0.0, 0.0, 0.919, 0.0]"
"[11, 4280]","[0.458, 0.0, 0.0, 0.0]"
"[11, 4300]","[0.0, 1.385, 0.0, 0.452]"
"[11, 4320]","[0.0, 0.0, 0.0, 0.469]"
"[11, 4340]","[0.0, 1.856, 0.0, 0.0]"
"[11, 4360]","[0.0, 2.291, 0.0, 0.459]"
"[11, 4380]","[0.0, 0.0, 2.302, 0.471]"
"[11, 4400]","[0.0, 4.564, 0.0, 0.0]"
"[11, 4420]","[0.0, 1.394, 0.0, 0.0]"
"[11, 4440]","[0.457, 0.0, 0.0, 0.0]"
"[11, 4460]","[0.0, 0.0, 0.0, 2.767]"
"[11, 4480]","[5.938, 0.0, 0.0, 0.47]"
"[11, 4500]","[0.0, 2.778, 0.0, 0.0]"
"[11, 4520]","[0.0, 0.0, 0.0, 0.919]"
"[11, 4540]","[5.527, 0.0, 0.0, 0.0]"
"[11, 4560]","[0.0, 0.0, 5.058, 0.46]"
"[11, 4580]","[3.223, 0.0, 0.0, 0.0]"
"[11, 4600]","[0.0, 0.0, 0.0, 3.645]"
"[11, 4620]","[0.0, 1.834, 0.0, 0.471]"
"[11, 4640]","[3.681, 0.0, 0.47, 0.0]"
"[11, 4660]","[0.0, 0.945, 0.458, 8.252]"
"[11, 4680]","[0.46, 0.0, 0.0, 0.0]"
"[11, 4700]","[0.0, 5.069, 0.0, 0.0]"
"[11, 4720]","[0.475, 0.0, 0.922, 5.092]"
"[11, 4740]","[0.468, 0.0, 6.384, 0.0]"
"[11, 4760]","[0.469, 0.0, 12.327, 0.0]"
"[11, 4780]","[0.0, 9.222, 0.0, 0.456]"
"[11, 4800]","[0.0, 0.0, 8.3, 0.0]"
"[11, 4820]","[0.0, 5.561, 0.0, 0.471]"
"[11, 4840]","[8.244, 0.0, 0.915, 0.454]"
"[11, 4860]","[0.453, 0.0, 5.072, 0.471]"
"[11, 4880]","[0.0, 7.355, 0.47, 0.0]"
"[11, 4900]","[6.479, 0.0, 0.461, 0.454]"
"[11, 4920]","[2.771, 0.0, 0.0, 0.0]"
"[11, 4940]","[0.455, 8.812, 0.0, 0.459]"
"[11, 4960]","[10.992, 0.0, 0.0, 0.0]"
"[11, 4980]","[6.927, 0.472, 0.0, 0.0]"
"[11, 5000]","[0.0, 0.454, 0.0, 7.793]"
"[11, 5020]","[0.467, 0.463, 10.059, 0.0]"
"[11, 5040]","[0.0, 0.0, 8.775, 0.459]"
"[11, 5060]","[0.469, 0.466, 9.161, 0.47]"
"[11, 5080]","[0.464, 0.454, 0.458, 13.245]"
"[11, 5100]","[0.0, 0.0, 7.394, 0.0]"
"[11, 5120]","[0.452, 0.453, 0.0, 4.566]"
"[11, 5140]","[10.099, 0.0, 0.466, 0.0]"
"[11, 5160]","[0.45, 5.09, 0.0, 0.941]"
"[11, 5180]","[5.097, 0.0, 0.47, 0.0]"
"[11, 5200]","[0.469, 0.0, 0.458, 8.661]"
"[11, 5220]","[9.603, 0.456, 0.0, 0.472]"
"[11, 5240]","[0.0, 0.473, 1.369, 16.948]"
"[11, 5260]","[1.411, 0.0, 0.0, 0.0]"
"[11, 5280]","[0.0, 0.0, 0.0, 8.252]"
"[11, 5300]","[8.304, 0.924, 0.0, 0.451]"
"[11, 5320]","[4.11, 0.0, 0.0, 0.0]"
"[11, 5340]","[0.469, 0.0, 6.436, 0.0]"
"[11, 5360]","[3.214, 0.47, 0.0, 0.0]"
"[11, 5380]","[0.0, 5.119, 0.477, 0.453]"
"[11, 5400]","[5.56, 0.0, 0.0, 0.0]"
"[11, 5420]","[0.0, 0.458, 1.837, 0.0]"
"[11, 5440]","[0.0, 9.657, 0.0, 0.0]"
"[11, 5460]","[0.0, 0.0, 2.767, 0.0]"
"[11, 5480]","[0.0, 0.0, 4.122, 0.0]"
"[11, 5500]","[0.0, 0.0, 4.14, 0.0]"
"[11, 5520]","[0.0, 0.0, 0.0, 3.242]"
"[11, 5540]","[0.0, 0.0, 9.126, 0.0]"
"[11, 5560]","[0.0, 5.064, 0.0, 0.0]"
"[11, 5580]","[5.537, 0.0, 0.0, 0.0]"
"[11, 5600]","[0.458, 1.85, 0.0, 0.0]"
"[11, 5620]","[0.0, 0.472, 4.126, 0.469]"
"[11, 5640]","[0.0, 0.0, 0.0, 5.074]"
"[11, 5660]","[0.907, 0.0, 0.0, 0.0]"
"[11, 5680]","[0.0, 0.0, 0.939, 4.574]"
"[11, 5700]","[0.0, 0.0, 0.0, 1.393]"
"[11, 5740]","[4.6, 0.473, 0.0, 0.0]"
"[11, 5760]","[0.0, 0.0, 0.45, 0.0]"
"[11, 5780]","[0.0, 0.0, 3.183, 0.451]"
"[11, 5800]","[0.0, 0.919, 0.0, 0.0]"
"[11, 5820]","[0.0, 0.45, 0.0, 0.0]"
"[11, 5840]","[3.673, 0.0, 0.0, 0.0]"
"[11, 5860]","[0.935, 0.0, 0.0, 0.0]"
"[11, 5880]","[3.705, 0.0, 0.451, 0.0]"
"[11, 5900]","[0.0, 0.0, 0.0, 0.919]"
"[11, 5940]","[0.0, 0.0, 2.755, 0.0]"
"[11, 5960]","[0.0, 0.467, 0.0, 0.0]"
"[11, 5980]","[0.0, 0.0, 0.0, 1.848]"
"[11, 6000]","[0.0, 0.0, 0.47, 0.0]"
"[11, 6020]","[0.0, 1.393, 0.0, 0.0]"
"[11, 6080]","[0.0, 0.0, 0.0, 0.919]"
"[11, 6100]","[0.457, 0.0, 0.0, 0.0]"
"[11, 6140]","[0.0, 0.0, 1.375, 0.0]"
"[11, 6180]","[0.0, 0.0, 0.45, 0.0]"
"[11, 6340]","[0.0, 0.0, 0.457, 0.0]"
"[11, 6580]","[0.0, 0.45, 0.0, 0.0]"
"[12, 3840]","[0.0, 0.458, 0.0, 0.0]"
"[12, 4240]","[0.0, 0.0, 0.0, 0.468]"
"[12, 4320]","[0.0, 0.913, 0.0, 0.0]"
"[12, 4340]","[0.0, 0.458, 0.0, 0.0]"
"[12, 4400]","[0.0, 0.475, 0.0, 0.0]"
"[12, 4440]","[0.0, 0.0, 0.0, 0.456]"
"[12, 4500]","[0.0, 0.0, 0.945, 0.0]"
"[12, 4520]","[0.458, 0.0, 0.0, 0.0]"
"[12, 4540]","[0.0, 0.458, 0.0, 0.0]"
"[12, 4560]","[0.0, 0.0, 0.456, 0.0]"
"[12, 4600]","[0.0, 0.456, 0.0, 0.0]"
"[12, 4620]","[0.925, 0.0, 0.0, 0.0]"
"[12, 4640]","[0.0, 0.0, 0.0, 0.944]"
"[12, 4660]","[0.0, 0.0, 0.0, 2.32]"
"[12, 4700]","[0.0, 0.0, 0.0, 0.476]"
"[12, 4720]","[0.927, 0.0, 0.0, 0.0]"
"[12, 4740]","[1.392, 0.0, 0.0, 0.0]"
"[12, 4760]","[0.0, 0.0, 0.945, 0.0]"
"[12, 4780]","[0.0, 0.933, 0.0, 0.0]"
"[12, 4800]","[0.0, 0.0, 0.0, 0.934]"
"[12, 4820]","[0.0, 2.324, 0.0, 0.0]"
"[12, 4840]","[2.816, 0.0, 0.0, 0.0]"
"[12, 4860]","[0.0, 0.0, 0.0, 0.456]"
"[12, 4880]","[2.81, 0.0, 0.0, 0.0]"
"[12, 4900]","[0.0, 0.0, 0.0, 2.29]"
"[12, 4920]","[0.0, 4.119, 0.0, 0.0]"
"[12, 4940]","[0.0, 0.0, 0.0, 4.236]"
"[12, 4960]","[0.458, 3.203, 0.0, 0.0]"
"[12, 4980]","[0.0, 3.241, 0.0, 0.0]"
"[12, 5000]","[0.0, 8.377, 0.0, 0.0]"
"[12, 5020]","[0.0, 0.0, 0.0, 1.428]"
"[12, 5040]","[0.0, 6.001, 0.459, 0.0]"
"[12, 5060]","[0.0, 6.954, 0.0, 0.0]"
"[12, 5080]","[0.0, 0.0, 7.446, 0.0]"
"[12, 5100]","[0.0, 0.0, 2.788, 0.0]"
"[12, 5120]","[0.0, 0.0, 0.47, 3.302]"
"[12, 5140]","[4.203, 0.929, 0.0, 0.0]"
"[12, 5160]","[0.0, 3.272, 0.0, 0.0]"
"[12, 5180]","[5.521, 0.47, 0.0, 0.0]"
"[12, 5200]","[0.0, 0.0, 0.0, 4.664]"
"[12, 5220]","[0.457, 0.46, 0.0, 2.854]"
"[12, 5240]","[0.0, 0.0, 7.941, 0.0]"
"[12, 5260]","[6.029, 0.0, 0.0, 0.0]"
"[12, 5280]","[0.0, 0.461, 0.0, 6.072]"
"[12, 5300]","[0.0, 7.413, 0.458, 0.953]"
"[12, 5320]","[0.0, 0.478, 11.563, 0.0]"
"[12, 5340]","[0.0, 0.468, 0.938, 8.475]"
"[12, 5360]","[15.302, 0.0, 0.0, 0.0]"
"[12, 5380]","[10.182, 0.0, 0.0, 0.457]"
"[12, 5400]","[0.479, 0.0, 0.457, 6.537]"
"[12, 5420]","[0.0, 6.565, 0.0, 0.459]"
"[12, 5440]","[0.0, 4.204, 0.46, 0.0]"
"[12, 5460]","[0.0, 2.802, 0.473, 0.0]"
"[12, 5480]","[7.436, 0.0, 0.474, 0.0]"
"[12, 5500]","[3.692, 0.463, 0.0, 0.0]"
"[12, 5520]","[15.227, 0.465, 0.0, 0.0]"
"[12, 5540]","[0.477, 6.971, 0.0, 0.0]"
"[12, 5560]","[11.039, 0.48, 0.0, 0.0]"
"[12, 5580]","[0.0, 12.471, 0.47, 0.0]"
"[12, 5600]","[0.0, 10.188, 0.0, 0.0]"
"[12, 5620]","[0.0, 6.05, 0.457, 0.476]"
"[12, 5640]","[5.142, 0.0, 0.0, 0.468]"
"[12, 5660]","[10.178, 0.927, 0.0, 0.0]"
"[12, 5680]","[3.27, 0.0, 0.0, 0.0]"
"[12, 5700]","[3.754, 0.0, 0.0, 0.473]"
"[12, 5720]","[0.0, 0.0, 9.826, 0.0]"
"[12, 5740]","[0.0, 6.012, 0.47, 0.0]"
"[12, 5760]","[0.0, 0.0, 0.0, 5.142]"
"[12, 5780]","[0.46, 0.0, 0.0, 6.069]"
"[12, 5800]","[0.459, 0.0, 8.784, 0.0]"
"[12, 5820]","[14.773, 0.483, 0.0, 0.947]"
"[12, 5840]","[0.0, 0.0, 0.946, 0.47]"
"[12, 5860]","[0.0, 0.474, 0.0, 11.132]"
"[12, 5880]","[2.785, 0.0, 0.0, 0.0]"
"[12, 5900]","[0.462, 0.932, 3.739, 0.0]"
"[12, 5920]","[5.076, 0.0, 0.476, 0.459]"
"[12, 5940]","[0.0, 0.476, 2.34, 0.0]"
"[12, 5960]","[0.477, 0.0, 0.0, 4.192]"
"[12, 5980]","[0.477, 0.476, 4.61, 0.0]"
"[12, 6000]","[0.0, 5.118, 0.0, 0.0]"
"[12, 6020]","[0.0, 0.477, 0.0, 6.469]"
"[12, 6040]","[0.0, 0.919, 0.0, 0.47]"
"[12, 6060]","[0.458, 3.275, 0.0, 0.0]"
"[12, 6080]","[1.374, 0.0, 0.0, 0.0]"
"[12, 6100]","[0.0, 2.305, 0.0, 0.0]"
"[12, 6120]","[0.459, 0.47, 0.0, 4.199]"
"[12, 6140]","[0.0, 0.0, 0.0, 2.339]"
"[12, 6160]","[0.459, 3.246, 0.477, 0.0]"
"[12, 6180]","[0.0, 1.407, 0.0, 0.0]"
"[12, 6200]","[0.0, 0.0, 4.17, 0.0]"
"[12, 6220]","[0.0, 0.0, 2.337, 0.0]"
"[12, 6240]","[0.0, 0.0, 0.0, 0.468]"
"[12, 6260]","[0.0, 0.0, 0.472, 4.658]"
"[12, 6280]","[0.0, 0.0, 1.844, 0.0]"
"[12, 6300]","[0.0, 0.916, 0.0, 2.347]"
"[12, 6320]","[0.932, 0.0, 0.0, 0.0]"
"[12, 6340]","[0.0, 0.0, 0.0, 0.475]"
"[12, 6360]","[0.0, 0.0, 0.0, 4.144]"
"[12, 6380]","[0.0, 0.0, 0.937, 0.0]"
"[12, 6400]","[0.0, 0.0, 1.836, 0.0]"
"[12, 6420]","[0.0, 0.0, 0.0, 1.37]"
"[12, 6440]","[0.0, 0.0, 0.468, 0.0]"
"[12, 6460]","[0.0, 0.0, 0.0, 1.88]"
"[12, 6480]","[0.458, 0.0, 0.0, 0.0]"
"[12, 6500]","[0.0, 0.468, 0.0, 0.0]"
"[12, 6520]","[0.0, 0.0, 0.468, 0.0]"
"[12, 6540]","[0.0, 0.475, 0.0, 0.0]"
"[12, 6560]","[0.0, 0.0, 0.0, 0.476]"
"[12, 6620]","[0.0, 0.475, 0.0, 0.0]"
"[12, 6660]","[0.914, 0.0, 0.0, 0.0]"
"[12, 6720]","[0.0, 0.0, 0.475, 0.0]"
"[12, 6760]","[0.0, 0.0, 0.475, 0.0]"
"[12, 6860]","[0.0, 0.0, 0.456, 0.0]"
"[12, 7160]","[0.475, 0.0, 0.0, 0.0]"
"[13, 4220]","[0.0, 0.475, 0.0, 0.0]"
"[13, 4640]","[0.0, 0.0, 0.475, 0.0]"
"[13, 4700]","[0.0, 0.468, 0.0, 0.0]"
"[13, 4720]","[0.0, 0.0, 0.923, 0.0]"
"[13, 4760]","[0.0, 0.458, 0.0, 0.0]"
"[13, 4880]","[0.0, 0.0, 0.456, 0.0]"
"[13, 4900]","[0.0, 0.458, 0.0, 0.0]"
"[13, 4920]","[0.0, 0.932, 0.0, 0.0]"
"[13, 4980]","[1.402, 0.0, 0.0, 0.0]"
"[13, 5000]","[0.0, 0.458, 0.0, 0.0]"
"[13, 5020]","[0.0, 0.0, 0.468, 0.0]"
"[13, 5100]","[0.0, 0.0, 0.0, 0.931]"
"[13, 5120]","[0.0, 0.0, 1.857, 0.456]"
"[13, 5140]","[0.925, 0.0, 0.0, 0.0]"
"[13, 5160]","[0.0, 0.475, 0.0, 0.0]"
"[13, 5180]","[0.0, 0.0, 0.475, 0.0]"
"[13, 5200]","[0.0, 0.0, 0.0, 2.325]"
"[13, 5220]","[2.294, 0.0, 0.0, 0.0]"
"[13, 5240]","[0.0, 0.0, 1.378, 0.0]"
"[13, 5260]","[0.0, 0.0, 1.398, 0.0]"
"[13, 5280]","[0.0, 0.0, 0.0, 1.821]"
"[13, 5300]","[0.0, 0.0, 2.772, 0.0]"
"[13, 5320]","[0.0, 0.0, 0.0, 2.805]"
"[13, 5340]","[1.854, 0.0, 0.0, 0.0]"
"[13, 5360]","[0.0, 0.475, 6.484, 0.0]"
"[13, 5380]","[0.0, 3.716, 0.0, 0.0]"
"[13, 5400]","[3.704, 0.0, 0.0, 0.0]"
"[13, 5420]","[4.603, 0.0, 0.0, 0.0]"
"[13, 5440]","[0.0, 4.153, 0.0, 0.0]"
"[13, 5460]","[2.32, 0.0, 0.0, 0.0]"
"[13, 5480]","[0.0, 1.38, 0.0, 0.0]"
"[13, 5500]","[0.0, 0.0, 1.883, 0.0]"
"[13, 5520]","[0.0, 0.0, 0.0, 3.244]"
"[13, 5540]","[1.848, 0.0, 0.0, 0.475]"
"[13, 5560]","[0.0, 0.0, 0.468, 10.132]"
"[13, 5580]","[1.883, 0.0, 0.0, 0.0]"
"[13, 5600]","[0.0, 0.0, 0.468, 4.168]"
"[13, 5620]","[0.458, 0.475, 0.0, 7.442]"
"[13, 5640]","[7.383, 1.873, 0.0, 0.0]"
"[13, 5660]","[0.0, 0.0, 0.0, 4.213]"
"[13, 5680]","[6.457, 0.0, 0.456, 0.0]"
"[13, 5700]","[0.0, 0.0, 5.989, 0.0]"
"[13, 5720]","[0.0, 0.475, 5.472, 0.0]"
"[13, 5740]","[0.0, 0.0, 7.877, 0.0]"
"[13, 5760]","[4.632, 0.0, 0.456, 0.0]"
"[13, 5780]","[0.0, 0.475, 2.33, 0.0]"
"[13, 5800]","[0.0, 6.914, 0.0, 0.0]"
"[13, 5820]","[0.0, 0.0, 5.524, 0.0]"
"[13, 5840]","[0.456, 0.0, 0.468, 12.826]"
"[13, 5860]","[10.096, 0.0, 0.456, 0.0]"
"[13, 5880]","[0.925, 7.327, 0.0, 0.456]"
"[13, 5900]","[0.0, 0.932, 7.836, 0.0]"
"[13, 5920]","[0.0, 6.445, 0.0, 0.0]"
"[13, 5940]","[0.915, 0.0, 8.368, 0.0]"
"[13, 5960]","[0.943, 0.458, 0.456, 14.651]"
"[13, 5980]","[0.0, 0.0, 0.0, 9.201]"
"[13, 6000]","[0.0, 0.0, 11.023, 0.468]"
"[13, 6020]","[0.0, 6.445, 0.0, 0.0]"
"[13, 6040]","[0.475, 0.475, 11.077, 0.0]"
"[13, 6060]","[0.0, 6.007, 0.0, 0.0]"
"[13, 6080]","[0.0, 4.629, 0.0, 0.475]"
"[13, 6100]","[5.546, 0.0, 0.0, 0.0]"
"[13, 6120]","[0.0, 1.387, 0.0, 6.041]"
"[13, 6140]","[0.0, 8.785, 0.0, 0.0]"
"[13, 6160]","[5.109, 0.0, 0.0, 0.0]"
"[13, 6180]","[6.892, 0.0, 0.931, 0.475]"
"[13, 6200]","[0.0, 0.0, 11.116, 0.456]"
"[13, 6220]","[0.0, 0.0, 4.601, 0.0]"
"[13, 6240]","[0.0, 0.0, 3.234, 0.456]"
"[13, 6260]","[4.158, 0.0, 0.0, 0.0]"
"[13, 6280]","[0.0, 5.07, 0.0, 1.386]"
"[13, 6300]","[10.535, 0.0, 0.475, 0.0]"
"[13, 6320]","[3.707, 0.0, 0.0, 0.0]"
"[13, 6340]","[0.458, 0.458, 10.172, 0.0]"
"[13, 6360]","[0.0, 0.0, 0.0, 2.803]"
"[13, 6380]","[0.0, 0.458, 6.484, 0.0]"
"[13, 6400]","[0.0, 0.0, 0.0, 4.651]"
"[13, 6420]","[0.458, 3.683, 0.0, 0.0]"
"[13, 6440]","[8.748, 0.0, 0.0, 0.456]"
"[13, 6460]","[3.222, 0.0, 0.0, 0.0]"
"[13, 6480]","[0.0, 0.0, 0.0, 7.907]"
"[13, 6500]","[0.0, 0.0, 0.0, 1.424]"
"[13, 6520]","[0.0, 0.458, 3.256, 0.0]"
"[13, 6540]","[0.475, 0.458, 2.299, 0.923]"
"[13, 6560]","[0.475, 0.0, 0.0, 1.397]"
"[13, 6580]","[0.0, 2.819, 0.0, 0.0]"
"[13, 6600]","[0.468, 0.0, 0.0, 3.251]"
"[13, 6620]","[0.0, 3.698, 0.0, 0.0]"
"[13, 6640]","[0.0, 0.0, 2.772, 0.0]"
"[13, 6680]","[5.085, 0.0, 0.911, 0.0]"
"[13, 6700]","[0.0, 0.0, 0.0, 0.475]"
"[13, 6720]","[0.0, 0.0, 0.0, 1.852]"
"[13, 6740]","[5.073, 0.0, 0.0, 0.0]"
"[13, 6760]","[0.943, 0.0, 0.0, 0.0]"
"[13, 6780]","[0.0, 2.346, 0.0, 0.0]"
"[13, 6800]","[0.932, 0.0, 0.0, 0.0]"
"[13, 6820]","[0.0, 0.932, 0.0, 0.0]"
"[13, 6840]","[0.0, 2.327, 0.0, 0.0]"
"[13, 6860]","[0.0, 1.397, 0.0, 0.0]"
"[13, 6880]","[0.458, 0.0, 1.409, 0.0]"
"[13, 6900]","[0.0, 0.0, 0.0, 0.456]"
"[13, 6920]","[0.0, 0.0, 1.898, 0.0]"
"[13, 6940]","[0.0, 0.0, 0.468, 0.0]"
"[13, 6960]","[0.0, 0.0, 0.468, 0.0]"
"[13, 6980]","[0.0, 0.0, 0.0, 1.386]"
"[13, 7000]","[0.0, 0.0, 0.0, 0.475]"
"[13, 7040]","[0.0, 0.0, 0.0, 0.456]"
"[13, 7080]","[0.0, 0.0, 1.378, 0.0]"
"[13, 7160]","[0.468, 0.0, 0.0, 0.0]"
"[13, 7180]","[0.915, 0.0, 0.0, 0.0]"
"[13, 7240]","[0.0, 0.0, 0.456, 0.0]"
"[13, 7340]","[0.0, 0.468, 0.0, 0.0]"
"[13, 7380]","[0.0, 0.0, 0.475, 0.0]"
"[13, 7780]","[0.0, 0.0, 0.0, 0.475]"
"[14, 4840]","[0.0, 0.0, 0.0, 0.0]"
"[14, 5040]","[0.0, 0.0, 0.0, 0.0]"
"[14, 5140]","[0.0, 0.0, 0.0, 0.0]"
"[14, 5180]","[0.0, 0.0, 0.0, 0.0]"
"[14, 5200]","[0.0, 0.0, 0.0, 0.0]"
"[14, 5260]","[0.0, 0.0, 0.0, 0.0]"
"[14, 5280]","[0.0, 0.0, 0.0, 0.0]"
"[14, 5300]","[0.0, 0.0, 0.0, 0.0]"
"[14, 5380]","[0.0, 0.0, 0.0, 0.0]"
"[14, 5420]","[0.0, 0.0, 0.0, 0.0]"
"[14, 5440]","[0.0, 0.0, 0.0, 0.0]"
"[14, 5460]","[0.0, 0.0, 0.0, 0.0]"
"[14, 5500]","[0.0, 0.0, 0.0, 0.0]"
"[14, 5520]","[0.0, 0.0, 0.0, 0.0]"
"[14, 5540]","[0.0, 0.0, 0.0, 0.0]"
"[14, 5560]","[0.0, 0.0, 0.0, 0.0]"
"[14, 5580]","[0.0, 0.0, 0.0, 0.0]"
"[14, 5600]","[0.0, 0.0, 0.0, 0.0]"
"[14, 5620]","[0.0, 0.0, 0.0, 0.0]"
"[14, 5640]","[0.0, 0.0, 0.0, 0.0]"
"[14, 5660]","[0.0, 0.0, 0.0, 0.0]"
"[14, 5680]","[0.0, 0.0, 0.0, 0.0]"
"[14, 5700]","[0.0, 0.0, 0.0, 0.0]"
"[14, 5720]","[0.0, 0.0, 0.0, 0.0]"
"[14, 5740]","[0.0, 0.0, 0.0, 0.0]"
"[14, 5760]","[0.0, 0.0, 0.0, 0.0]"
"[14, 5780]","[0.0, 0.0, 0.0, 0.0]"
"[14, 5800]","[0.0, 0.0, 0.0, 0.0]"
"[14, 5820]","[0.0, 0.0, 0.0, 0.0]"
"[14, 5840]","[0.0, 0.0, 0.0, 0.0]"
"[14, 5860]","[0.0, 0.0, 0.0, 0.0]"
"[14, 5880]","[0.0, 0.0, 0.0, 0.0]"
"[14, 5920]","[0.0, 0.0, 0.0, 0.0]"
"[14, 5940]","[0.0, 0.0, 0.0, 0.0]"
"[14, 5960]","[0.0, 0.0, 0.0, 0.0]"
"[14, 5980]","[0.0, 0.0, 0.0, 0.0]"
"[14, 6000]","[0.0, 0.0, 0.0, 0.0]"
"[14, 6020]","[0.0, 0.0, 0.0, 0.0]"
"[14, 6040]","[0.0, 0.0, 0.0, 0.0]"
"[14, 6060]","[0.0, 0.0, 0.0, 0.0]"
"[14, 6080]","[0.0, 0.0, 0.0, 0.0]"
"[14, 6100]","[0.0, 0.0, 0.0, 0.0]"
"[14, 6120]","[0.0, 0.0, 0.0, 0.0]"
"[14, 6140]","[0.0, 0.0, 0.0, 0.0]"
"[14, 6160]","[0.0, 0.0, 0.0, 0.0]"
"[14, 6180]","[0.0, 0.0, 0.0, 0.0]"
"[14, 6200]","[0.0, 0.0, 0.0, 0.0]"
"[14, 6220]","[0.0, 0.0, 0.0, 0.0]"
"[14, 6240]","[0.0, 0.0, 0.0, 0.0]"
"[14, 6260]","[0.0, 0.0, 0.0, 0.0]"
"[14, 6280]","[0.0, 0.0, 0.0, 0.0]"
"[14, 6300]","[0.0, 0.0, 0.0, 0.0]"
"[14, 6320]","[0.0, 0.0, 0.0, 0.0]"
"[14, 6340]","[0.0, 0.0, 0.0, 0.0]"
"[14, 6360]","[0.0, 0.0, 0.0, 0.0]"
"[14, 6380]","[0.0, 0.0, 0.0, 0.0]"
"[14, 6400]","[0.0, 0.0, 0.0, 0.0]"
"[14, 6420]","[0.0, 0.0, 0.0, 0.0]"
"[14, 6440]","[0.0, 0.0, 0.0, 0.0]"
"[14, 6460]","[0.0, 0.0, 0.0, 0.0]"
"[14, 6480]","[0.0, 0.0, 0.0, 0.0]"
"[14, 6500]","[0.0, 0.0, 0.0, 0.0]"
"[14, 6520]","[0.0, 0.0, 0.0, 0.0]"
"[14, 6540]","[0.0, 0.0, 0.0, 0.0]"
"[14, 6560]","[0.0, 0.0, 0.0, 0.0]"
"[14, 6580]","[0.0, 0.0, 0.0, 0.0]"
"[14, 6600]","[0.0, 0.0, 0.0, 0.0]"
"[14, 6620]","[0.0, 0.0, 0.0, 0.0]"
"[14, 6640]","[0.0, 0.0, 0.0, 0.0]"
"[14, 6660]","[0.0, 0.0, 0.0, 0.0]"
"[14, 6680]","[0.0, 0.0, 0.0, 0.0]"
"[14, 6700]","[0.0, 0.0, 0.0, 0.0]"
"[14, 6720]","[0.0, 0.0, 0.0, 0.0]"
"[14, 6740]","[0.0, 0.0, 0.0, 0.0]"
"[14, 6760]","[0.0, 0.0, 0.0, 0.0]"
"[14, 6780]","[0.0, 0.0, 0.0, 0.0]"
"[14, 6800]","[0.0, 0.0, 0.0, 0.0]"
"[14, 6820]","[0.0, 0.0, 0.0, 0.0]"
"[14, 6840]","[0.0, 0.0, 0.0, 0.0]"
"[14, 6860]","[0.0, 0.0, 0.0, 0.0]"
"[14, 6880]","[0.0, 0.0, 0.0, 0.0]"
"[14, 6900]","[0.0, 0.0, 0.0, 0.0]"
"[14, 6920]","[0.0, 0.0, 0.0, 0.0]"
"[14, 6940]","[0.0, 0.0, 0.0, 0.0]"
"[14, 6960]","[0.0, 0.0, 0.0, 0.0]"
"[14, 6980]","[0.0, 0.0, 0.0, 0.0]"
"[14, 7000]","[0.0, 0.0, 0.0, 0.0]"
"[14, 7020]","[0.0, 0.0, 0.0, 0.0]"
"[14, 7040]","[0.0, 0.0, 0.0, 0.0]"
"[14, 7060]","[0.0, 0.0, 0.0, 0.0]"
"[14, 7080]","[0.0, 0.0, 0.0, 0.0]"
"[14, 7100]","[0.0, 0.0, 0.0, 0.0]"
"[14, 7120]","[0.0, 0.0, 0.0, 0.0]"
"[14, 7140]","[0.0, 0.0, 0.0, 0.0]"
"[14, 7160]","[0.0, 0.0, 0.0, 0.0]"
"[14, 7180]","[0.0, 0.0, 0.0, 0.0]"
"[14, 7200]","[0.0, 0.0, 0.0, 0.0]"
"[14, 7220]","[0.0, 0.0, 0.0, 0.0]"
"[14, 7240]","[0.0, 0.0, 0.0, 0.0]"
"[14, 7260]","[0.0, 0.0, 0.0, 0.0]"
"[14, 7300]","[0.0, 0.0, 0.0, 0.0]"
"[14, 7320]","[0.0, 0.0, 0.0, 0.0]"
"[14, 7340]","[0.0, 0.0, 0.0, 0.0]"
"[14, 7360]","[0.0, 0.0, 0.0, 0.0]"
"[14, 7380]","[0.0, 0.0, 0.0, 0.0]"
"[14, 7400]","[0.0, 0.0, 0.0, 0.0]"
"[14, 7420]","[0.0, 0.0, 0.0, 0.0]"
"[14, 7440]","[0.0, 0.0, 0.0, 0.0]"
"[14, 7460]","[0.0, 0.0, 0.0, 0.0]"
"[14, 7480]","[0.0, 0.0, 0.0, 0.0]"
"[14, 7500]","[0.0, 0.0, 0.0, 0.0]"
"[14, 7540]","[0.0, 0.0, 0.0, 0.0]"
"[14, 7560]","[0.0, 0.0, 0.0, 0.0]"
"[14, 7600]","[0.0, 0.0, 0.0, 0.0]"
"[14, 7620]","[0.0, 0.0, 0.0, 0.0]"
"[14, 7640]","[0.0, 0.0, 0.0, 0.0]"
"[14, 7820]","[0.0, 0.0, 0.0, 0.0]"
"[14, 8000]","[0.0, 0.0, 0.0, 0.0]"
"[14, 8400]","[0.0, 0.0, 0.0, 0.0]"
